doc_id,status,reason,pages,sha256,error,corpus,title,designator,year,date,date_source,authors,language,doc_kind,source_url,source_id,source_file,corpus_label
doctrine_current:row0001,parsed,,56,05e982bbe5802b91d41be06e292e6ceca34e9cf04c82a866abfbf92fe9943105,,doctrine_current,ADP 1 – The Army,ADP 1,2019,2019-07-31,manifest,,,doctrine,https://armypubs.army.mil/epubs/DR_pubs/DR_a/ARN18008-ADP_1-000-WEB-2.pdf,row0001,2019 - ADP 1 The Army.pdf,US Army doctrine (current)
doctrine_current:row0002,parsed,,44,0209468ee211c80bce207fee5e489a5116175f516591448a72b9f994e6cd8917,,doctrine_current,ADP 1-01 – Doctrine Primer,ADP 1-01,2019,2019-07-31,manifest,,,doctrine,https://armypubs.army.mil/epubs/DR_pubs/DR_a/pdf/web/ARN18138_ADP 1-01 FINAL WEB.pdf,row0002,2019 - ADP 1-01 Doctrine Primer.pdf,US Army doctrine (current)
doctrine_current:row0003,parsed,,56,68b4eb34f50919cb4d781024d8ce154f193e8db0fcbf8c0beeee6aef258a35d1,,doctrine_current,ADP 2-0 – Intelligence,ADP 2-0,2026,2026-10-01,manifest,,,doctrine,https://armypubs.army.mil/epubs/DR_pubs/DR_a/ARN47886-ADP_2-0-000-WEB-1.pdf,row0003,2026 - ADP 2-0 Intelligence.pdf,US Army doctrine (current)
doctrine_current:row0004,parsed,,72,ee7e97801f67d8d1d9f630fae1bf3965f75fec7cf6436849a1be3e0134d6235d,,doctrine_current,ADP 3-0 – Operations,ADP 3-0,2025,2025-03-21,manifest,,,doctrine,https://armypubs.army.mil/epubs/DR_pubs/DR_a/ARN43323-ADP_3-0-000-WEB-1.pdf,row0004,2025 - ADP 3-0 Operations.pdf,US Army doctrine (current)
doctrine_current:row0005,parsed,,106,80dc29e5dac5bf19fdc5016debb97e6737f58ca79275055def33891d50bac151,,doctrine_current,ADP 3-05 – Army Special Operations,ADP 3-05,2019,2019-07-31,manifest,,,doctrine,https://armypubs.army.mil/epubs/DR_pubs/DR_a/pdf/web/ARN18909_ADP 3-05 C1 FINAL WEB(2).pdf,row0005,2019 - ADP 3-05 Army Special Operations.pdf,US Army doctrine (current)
doctrine_current:row0006,parsed,,84,7efbb48b103ce8ce2214edf01fd0ade54b5518e4d8e3030f9cf5aa59ca1f01cd,,doctrine_current,ADP 3-07 – Stability,ADP 3-07,2019,2019-07-31,manifest,,,doctrine,https://armypubs.army.mil/epubs/DR_pubs/DR_a/pdf/web/ARN18011_ADP 3-07 FINAL WEB.pdf,row0006,2019 - ADP 3-07 Stability.pdf,US Army doctrine (current)
doctrine_current:row0007,parsed,,144,dcc1dc22dde3b855bfeba575f8a8b0725345c40a90f6135d0b11a758e25bfc04,,doctrine_current,ADP 3-13 – Information,ADP 3-13,2023,2023-11-27,manifest,,,doctrine,https://armypubs.army.mil/epubs/DR_pubs/DR_a/ARN39736-ADP_3-13-000-WEB-1.pdf,row0007,2023 - ADP 3-13 Information.pdf,US Army doctrine (current)
doctrine_current:row0008,parsed,,52,24765096af9c0506b9bb6e8d9cd37cfa1cb9f9912c398ca7929f3d0ea92827da,,doctrine_current,ADP 3-19 – Fires,ADP 3-19,2019,2019-07-31,manifest,,,doctrine,https://armypubs.army.mil/epubs/DR_pubs/DR_a/pdf/web/ARN18615_ADP 3-19 FINAL WEB.pdf,row0008,2019 - ADP 3-19 Fires.pdf,US Army doctrine (current)
doctrine_current:row0009,parsed,,112,56c6e18189f51cfdb61abec73b12ae93e33069fcb38bb24ea05c83b9b81c48d0,,doctrine_current,ADP 3-28 – Defense Support of Civil Authorities,ADP 3-28,2019,2019-07-31,manifest,,,doctrine,https://armypubs.army.mil/epubs/DR_pubs/DR_a/pdf/web/ARN19349_ADP 3-28 FINAL WEB.pdf,row0009,2019 - ADP 3-28 Defense Support of Civil Authorities.pdf,US Army doctrine (current)
doctrine_current:row0010,parsed,,146,c20a5dee249bbd5bb307b27533eadd9130adeda50aed211be14e266e504a1f72,,doctrine_current,ADP 3-37 – Protection,ADP 3-37,2026,2026-04-06,manifest,,,doctrine,https://armypubs.army.mil/epubs/DR_pubs/DR_a/ARN46285-ADP_3-37-000-WEB-2.pdf,row0010,2026 - ADP 3-37 Protection.pdf,US Army doctrine (current)
doctrine_current:row0011,parsed,,108,0993765358d4c4d3c92c4bc3fc5956118e82c18f4db7379e4d4d20d493bf317b,,doctrine_current,ADP 3-90 – Offense and Defense,ADP 3-90,2019,2019-07-31,manifest,,,doctrine,https://armypubs.army.mil/epubs/DR_pubs/DR_a/ARN34828-ADP_3-90-000-WEB-1.pdf,row0011,2019 - ADP 3-90 Offense and Defense.pdf,US Army doctrine (current)
doctrine_current:row0012,parsed,,52,ab4fecd5bd8b64434d8567860d009d9390993b7a0f8cb99e72a7c3f97d77cf9d,,doctrine_current,ADP 4-0 – Sustainment,ADP 4-0,2026,2026-08-18,manifest,,,doctrine,https://armypubs.army.mil/epubs/DR_pubs/DR_a/ARN47370-ADP_4-0-001-WEB-2.pdf,row0012,2026 - ADP 4-0 Sustainment.pdf,US Army doctrine (current)
doctrine_current:row0013,parsed,,105,de87305c711536b67cc179fc3d1fefb0711931f68634fe31bbbe8f50604ed963,,doctrine_current,ADP 5-0 – The Operations Process,ADP 5-0,2019,2019-07-31,manifest,,,doctrine,https://armypubs.army.mil/epubs/DR_pubs/DR_a/ARN18126-ADP_5-0-000-WEB-3.pdf,row0013,2019 - ADP 5-0 The Operations Process.pdf,US Army doctrine (current)
doctrine_current:row0014,parsed,,88,611342e3d1463a7a2df800223ca8ae4e9b00861f811dd3e1e241522dac325434,,doctrine_current,ADP 6-0 – Command and Control,ADP 6-0,2026,2026-07-07,manifest,,,doctrine,https://armypubs.army.mil/epubs/DR_pubs/DR_a/ARN47032-ADP_6-0-000-WEB-1.pdf,row0014,2026 - ADP 6-0 Command and Control.pdf,US Army doctrine (current)
doctrine_current:row0015,parsed,,136,58690a01d9ee2ddf6365ea51bd04d1b31317e2a56fc9832dfb3c836212786383,,doctrine_current,ADP 6-22 – Army Leadership and the Profession,ADP 6-22,2019,2019-07-31,manifest,,,doctrine,https://armypubs.army.mil/epubs/DR_pubs/DR_a/ARN42975-ADP_6-22-002-WEB-8.pdf,row0015,2019 - ADP 6-22 Army Leadership and the Profession.pdf,US Army doctrine (current)
doctrine_current:row0016,parsed,,36,0bcb1db2398fb69ae93a691dc36b7e1e96a774e85934e993b4643f23656c3bb1,,doctrine_current,ADP 7-0 – Training,ADP 7-0,2024,2024-04-29,manifest,,,doctrine,https://armypubs.army.mil/epubs/DR_pubs/DR_a/ARN40738-ADP_7-0-000-WEB-2.pdf,row0016,2024 - ADP 7-0 Training.pdf,US Army doctrine (current)
doctrine_current:row0021,parsed,,82,2387dceadc7b349b03f71ccbcdab7fdfd57ff696e4c2269dfcf9f18e241babd2,,doctrine_current,ADRP 3-0 – Operations,ADRP 3-0,2017,2017-10-06,manifest,,,doctrine,https://irp.fas.org/doddir/army/adrp3_0.pdf,row0021,2017 - ADRP 3-0 Operations.pdf,US Army doctrine (current)
doctrine_current:row0033,parsed,,104,b5834ec4dedacd006f1e56e87752fa1c6278623314e2761ea529e86a5abdef8d,,doctrine_current,FM 1 – The Army: A Primer to Our Profession of Arms,FM 1,2025,2025-05-01,manifest,,,doctrine,https://armypubs.army.mil/epubs/DR_pubs/DR_a/ARN43687-FM_1-000-WEB-2.pdf,row0033,2025 - FM 1 The Army A Primer to Our Profession of Arms.pdf,US Army doctrine (current)
doctrine_current:row0034,parsed,,150,47a099c25c944f1b4eeedaf75d87930a875a54379be9dcaf9c8bdfe1ab232642,,doctrine_current,FM 1-02.1 – Operational Terms,FM 1-02.1,2026,2026-05-30,manifest,,,doctrine,https://armypubs.army.mil/epubs/DR_pubs/DR_a/ARN46659-FM_1-02.1-000-WEB-1.pdf,row0034,2026 - FM 1-02.1 Operational Terms.pdf,US Army doctrine (current)
doctrine_current:row0035,parsed,,296,fc4382f5dda8e9c8208c1214ccd7e4295c5d689e0fa4a7107127f99ab7b427bb,,doctrine_current,FM 1-02.2 – Military Symbols,FM 1-02.2,2025,2025-01-23,manifest,,,doctrine,https://armypubs.army.mil/epubs/DR_pubs/DR_a/ARN44621-FM_1-02.2-001-WEB-3.pdf,row0035,2025 - FM 1-02.2 Military Symbols.pdf,US Army doctrine (current)
doctrine_current:row0037,parsed,,384,661407031ba1416989c24a7c05b365cdd22da24d96386975fe5164a098803074,,doctrine_current,FM 2-22.3 – Human Intelligence Collector Operations,FM 2-22.3,2006,2006-09-06,manifest,,,doctrine,https://armypubs.army.mil/epubs/DR_pubs/DR_a/ARN43392-FM_2-22.3-001-WEB-4.pdf,row0037,2006 - FM 2-22.3 Human Intelligence Collector Operations.pdf,US Army doctrine (current)
doctrine_current:row0038,parsed,,296,b919551d9c24b0679271357f972661071a7bc4b769d1bed0a5f1c7cadebd3c30,,doctrine_current,FM 3-0 – Operations,FM 3-0,2025,2025-03-21,manifest,,,doctrine,https://armypubs.army.mil/epubs/DR_pubs/DR_a/ARN43326-FM_3-0-000-WEB-1.pdf,row0038,2025 - FM 3-0 Operations.pdf,US Army doctrine (current)
doctrine_current:row0039,parsed,,218,9b6f72d4f42904c401bd5857bf1115322fb02bf67034fc73158f40b464268ca9,,doctrine_current,FM 3-01 – U.S. Army Air and Missile Defense Operations,FM 3-01,2025,2025-08-26,manifest,,,doctrine,https://armypubs.army.mil/epubs/DR_pubs/DR_a/ARN44767-FM_3-01-000-WEB-1.pdf,row0039,2025 - FM 3-01 U.S. Army Air and Missile Defense Operations.pdf,US Army doctrine (current)
doctrine_current:row0040,parsed,,104,9605a38e38c05ba3a529d6e8580778a7ff40b10c09a938cef1969b5e9a3a8592,,doctrine_current,FM 3-01.44 – Short-Range Air Defense Operations,FM 3-01.44,2022,2022-07-21,manifest,,,doctrine,https://armypubs.army.mil/epubs/DR_pubs/DR_a/ARN35838-FM_3-01.44-000-WEB-1.pdf,row0040,2022 - FM 3-01.44 Short-Range Air Defense Operations.pdf,US Army doctrine (current)
doctrine_current:row0041,parsed,,164,279f12de331729b70c92449f48811951f453b39bcb68e1af172b512907d674dd,,doctrine_current,FM 3-04 – Army Aviation,FM 3-04,2025,2025-03-27,manifest,,,doctrine,https://armypubs.army.mil/epubs/DR_pubs/DR_a/ARN43343-FM_3-04-000-WEB-1.pdf,row0041,2025 - FM 3-04 Army Aviation.pdf,US Army doctrine (current)
doctrine_current:row0042,parsed,,102,b8707e3edd32df96d55e593e36f120214fe85432b928fc7a79d5ba5ba043bf16,,doctrine_current,FM 3-05 – Army Special Operations,FM 3-05,2025,2025-06-24,manifest,,,doctrine,https://armypubs.army.mil/epubs/DR_pubs/DR_a/ARN44116-FM_3-05-000-WEB-1.pdf,row0042,2025 - FM 3-05 Army Special Operations.pdf,US Army doctrine (current)
doctrine_current:row0043,parsed,,108,500d925b5ce7e4999df074f735b34d5b6dc8bd3c4681b7b77a6eeb78d20c1917,,doctrine_current,FM 3-07 – Stability,FM 3-07,2014,2014-06-02,manifest,,,doctrine,https://armypubs.army.mil/epubs/DR_pubs/DR_a/NOCASE-FM_3-07-000-WEB-0.pdf,row0043,2014 - FM 3-07 Stability.pdf,US Army doctrine (current)
doctrine_current:row0044,parsed,,158,4acceb4b92b09103c8fcb48fef81e21a1f6785668b57f550ff7b6833f67e17cb,,doctrine_current,FM 3-08 – Casualty Evacuation Support to Operations,FM 3-08,2026,2026-05-30,manifest,,,doctrine,https://armypubs.army.mil/epubs/DR_pubs/DR_a/ARN46662-FM_3-08-000-WEB-1.pdf,row0044,2026 - FM 3-08 Casualty Evacuation Support to Operations.pdf,US Army doctrine (current)
doctrine_current:row0045,parsed,,284,1fd2a14b86c57f2b7af7d757fd5acba80f0abda59f65e313f5b67526a33303ba,,doctrine_current,FM 3-09 – Fire Support and Field Artillery Operations,FM 3-09,2024,2024-08-12,manifest,,,doctrine,https://armypubs.army.mil/epubs/DR_pubs/DR_a/ARN41659-FM_3-09-000-WEB-2.pdf,row0045,2024 - FM 3-09 Fire Support and Field Artillery Operations.pdf,US Army doctrine (current)
doctrine_current:row0046,parsed,,128,28c20627fad07d1a2409a2b14dba9bc7aefca71dd8f81b737eae53dbe93021cb,,doctrine_current,"FM 3-11 – Chemical, Biological, Radiological, and Nuclear Operations",FM 3-11,2025,2025-04-10,manifest,,,doctrine,https://armypubs.army.mil/epubs/DR_pubs/DR_a/ARN43472-FM_3-11-000-WEB-1.pdf,row0046,2025 - FM 3-11 Chemical Biological Radiological and Nuclear Operations.pdf,US Army doctrine (current)
doctrine_current:row0047,parsed,,238,d097e7c123c9476b951d8ab48aea2b96015ffc39389393a705d003b5a564dfee,,doctrine_current,FM 3-12 – Cyberspace and Electromagnetic Warfare Operations,FM 3-12,2025,2025-09-17,manifest,,,doctrine,https://armypubs.army.mil/epubs/DR_pubs/DR_a/ARN45009-FM_3-12-000-WEB-1.pdf,row0047,2025 - FM 3-12 Cyberspace and Electromagnetic Warfare Operations.pdf,US Army doctrine (current)
doctrine_current:row0048,parsed,,108,cc54e09517469b3ebc5544f66cbf4aa133c84b610667a8e350b448b5c53f1357,,doctrine_current,FM 3-13 – Information Operations,FM 3-13,2016,2016-12-06,manifest,,,doctrine,https://armypubs.army.mil/epubs/DR_pubs/DR_a/pdf/web/FM 3-13 FINAL WEB.pdf,row0048,2016 - FM 3-13 Information Operations.pdf,US Army doctrine (current)
doctrine_current:row0049,parsed,,92,93397417a0a17c2d05a8060f32d41005c0d9a4345dd8283a563446a8ecd52c84,,doctrine_current,FM 3-13.4 – Army Support to Military Deception,FM 3-13.4,2019,2019-02-26,manifest,,,doctrine,https://armypubs.army.mil/epubs/DR_pubs/DR_a/ARN15310-FM_3-13.4-000-WEB-2.pdf,row0049,2019 - FM 3-13.4 Army Support to Military Deception.pdf,US Army doctrine (current)
doctrine_current:row0050,parsed,,96,154abedbb937e0c8d48510cd42cf59238ddab165d2c34c3a493af506bb12bd5a,,doctrine_current,FM 3-14 – Army Space Operations,FM 3-14,2026,2026-02-25,manifest,,,doctrine,https://armypubs.army.mil/epubs/DR_pubs/DR_a/ARN46041-FM_3-14-000-WEB-1.pdf,row0050,2026 - FM 3-14 Army Space Operations.pdf,US Army doctrine (current)
doctrine_current:row0051,parsed,,148,e8b0cf19d0ab3bd1ef181f1c0144c165fedb1d9b683ba2e565984807b74bc623,,doctrine_current,FM 3-16 – The Army in Multinational Operations,FM 3-16,2024,2024-07-15,manifest,,,doctrine,https://armypubs.army.mil/epubs/DR_pubs/DR_a/ARN41419-FM_3-16-000-WEB-2.pdf,row0051,2024 - FM 3-16 The Army in Multinational Operations.pdf,US Army doctrine (current)
doctrine_current:row0052,parsed,,218,561afee3a46c27f57590b631040446c15d5c83dd8580686d7d4d9987a3017109,,doctrine_current,FM 3-18 – Special Forces,FM 3-18,2026,2026-08-07,manifest,,,doctrine,https://armypubs.army.mil/epubs/DR_pubs/DR_a/ARN47259-FM_3-18-000-WEB-1.pdf,row0052,2026 - FM 3-18 Special Forces.pdf,US Army doctrine (current)
doctrine_current:row0053,parsed,,90,19fbeaef7675cc2d5e9609b8cc2a86b3962e2da168543977939b52ec1c14ab15,,doctrine_current,FM 3-22 – Army Support to Security Cooperation,FM 3-22,2023,2023-07-01,manifest,,,doctrine,https://armypubs.army.mil/epubs/DR_pubs/DR_a/ARN44800-FM_3-22-001-WEB-3.pdf,row0053,2023 - FM 3-22 Army Support to Security Cooperation.pdf,US Army doctrine (current)
doctrine_current:row0054,parsed,,202,b300d163619399f73d086b0bbe2d0db258d13b8e941144f20ea486ded402379a,,doctrine_current,FM 3-24 – Insurgencies and Countering Insurgencies,FM 3-24,2014,2014-05-13,manifest,,,doctrine,https://armypubs.army.mil/epubs/DR_pubs/DR_a/ARN43742-FM_3-24-002-WEB-7.pdf,row0054,2014 - FM 3-24 Insurgencies and Countering Insurgencies.pdf,US Army doctrine (current)
doctrine_current:row0055,parsed,,96,fc077c465904470b028dfde73194f6a6a29b7f52146bf519f32c42e54e2e6212,,doctrine_current,FM 3-27 – Army Global Missile Defense Operations,FM 3-27,2023,2023-08-11,manifest,,,doctrine,https://armypubs.army.mil/epubs/DR_pubs/DR_a/ARN38993-FM_3-27-000-WEB-1.pdf,row0055,2023 - FM 3-27 Army Global Missile Defense Operations.pdf,US Army doctrine (current)
doctrine_current:row0056,parsed,,160,d52dbf62c0f139dcdcc87229792b48269ffb636bc79868bce77f212e18f735c0,,doctrine_current,FM 3-34 – Engineer Operations,FM 3-34,2025,2025-12-15,manifest,,,doctrine,https://armypubs.army.mil/epubs/DR_pubs/DR_a/ARN45471-FM_3-34-000-WEB-1.pdf,row0056,2025 - FM 3-34 Engineer Operations.pdf,US Army doctrine (current)
doctrine_current:row0057,parsed,,208,ef9e3842d03038914de7108ee50369030f701dc3b909a9dff4d8607c97b4b85f,,doctrine_current,FM 3-39 – Military Police Operations,FM 3-39,2025,2025-04-21,manifest,,,doctrine,https://armypubs.army.mil/epubs/DR_pubs/DR_a/ARN43547-FM_3-39-000-WEB-1.pdf,row0057,2025 - FM 3-39 Military Police Operations.pdf,US Army doctrine (current)
doctrine_current:row0058,parsed,,104,c6e4c2f8ce24bffbd3a408e7085cca223cf2e2a5454aa1536a3b8194857c2350,,doctrine_current,FM 3-50 – Army Personnel Recovery,FM 3-50,2014,2014-09-02,manifest,,,doctrine,https://armypubs.army.mil/epubs/DR_pubs/DR_a/pdf/web/fm3_50.pdf,row0058,2014 - FM 3-50 Army Personnel Recovery.pdf,US Army doctrine (current)
doctrine_current:row0059,parsed,,140,6cbda7cb873e96ae3e111fe82772d877a2e1906d5cbbc6560707964aaf41afcf,,doctrine_current,FM 3-52 – Airspace,FM 3-52,2026,2026-08-11,manifest,,,doctrine,https://armypubs.army.mil/epubs/DR_pubs/DR_a/ARN47294-FM_3-52-000-WEB-1.pdf,row0059,2026 - FM 3-52 Airspace.pdf,US Army doctrine (current)
doctrine_current:row0060,parsed,,86,906026fb239fd15d3b736909f9b7f61d5364f16edcada9207339e2b698a49aec,,doctrine_current,FM 3-55 – Information Collection,FM 3-55,2013,2013-05-03,manifest,,,doctrine,https://armypubs.army.mil/epubs/DR_pubs/DR_a/ARN35577-FM_3-55-000-WEB-0.pdf,row0060,2013 - FM 3-55 Information Collection.pdf,US Army doctrine (current)
doctrine_current:row0061,parsed,,176,f7d3e511e1a1c7b70d79cf23bb27de04f947203081e14725d5f98f1a8fdceff6,,doctrine_current,FM 3-57 – Civil Affairs Operations,FM 3-57,2021,2021-07-28,manifest,,,doctrine,https://armypubs.army.mil/epubs/DR_pubs/DR_a/ARN33094-FM_3-57-000-WEB-1.pdf,row0061,2021 - FM 3-57 Civil Affairs Operations.pdf,US Army doctrine (current)
doctrine_current:row0062,parsed,,158,b40d208ac91f8634db158ea0a9faa805f369e0812125b0b5c4f34c50cad9ee04,,doctrine_current,FM 3-60 – Army Targeting,FM 3-60,2023,2023-08-11,manifest,,,doctrine,https://armypubs.army.mil/epubs/DR_pubs/DR_a/ARN39048-FM_3-60-000-WEB-1.pdf,row0062,2023 - FM 3-60 Army Targeting.pdf,US Army doctrine (current)
doctrine_current:row0063,parsed,,176,75e7cb3628d9a948b309e4f1ea9d8fc5cec83823cb56fba688e1cfdba51309e0,,doctrine_current,FM 3-61 – Communication Strategy and Public Affairs Operations,FM 3-61,2022,2022-02-25,manifest,,,doctrine,https://armypubs.army.mil/epubs/DR_pubs/DR_a/ARN44798-FM_3-61-001-WEB-3.pdf,row0063,2022 - FM 3-61 Communication Strategy and Public Affairs Operations.pdf,US Army doctrine (current)
doctrine_current:row0065,parsed,,188,29ef6cd397d6d083d892c81b0ff74555953d1364bfd014bdbe7c62e5c7221506,,doctrine_current,FM 3-81 – Maneuver Enhancement Brigade,FM 3-81,2021,2021-11-09,manifest,,,doctrine,https://armypubs.army.mil/epubs/DR_pubs/DR_a/ARN34192-FM_3-81-000-WEB-1.pdf,row0065,2021 - FM 3-81 Maneuver Enhancement Brigade.pdf,US Army doctrine (current)
doctrine_current:row0066,parsed,,50,66f5ebdc151454c823c378f864ed3140c10eef5c7aed2f82aceed6aeeb9fccdf,,doctrine_current,FM 3-83 – Religious Affairs,FM 3-83,2025,2025-04-11,manifest,,,doctrine,https://armypubs.army.mil/epubs/DR_pubs/DR_a/ARN43470-FM_3-83-000-WEB-1.pdf,row0066,2025 - FM 3-83 Religious Affairs.pdf,US Army doctrine (current)
doctrine_current:row0067,parsed,,100,3d8ca602ede83a44a1acc4cbe5e0f3e34d71f618a94c74012a4fe7f531c215b2,,doctrine_current,FM 3-84 – Legal Support to Operations,FM 3-84,2023,2023-09-01,manifest,,,doctrine,https://armypubs.army.mil/epubs/DR_pubs/DR_a/ARN39171-FM_3-84-000-WEB-1.pdf,row0067,2023 - FM 3-84 Legal Support to Operations.pdf,US Army doctrine (current)
doctrine_current:row0068,parsed,,480,48f17648df5d1485cd0f07c14486ff894ac8e6433d3f7bb40f583d497e7c5afc,,doctrine_current,FM 3-90 – Tactics,FM 3-90,2023,2023-05-01,manifest,,,doctrine,https://armypubs.army.mil/epubs/DR_pubs/DR_a/ARN38160-FM_3-90-000-WEB-1.pdf,row0068,2023 - FM 3-90 Tactics.pdf,US Army doctrine (current)
doctrine_current:row0069,parsed,,212,efbe8a9dadc923f48850a72024791ecd0e6a8b00ae86f55869f6e9f929256982,,doctrine_current,"FM 3-94 – Armies, Corps, and Division Operations",FM 3-94,2021,2021-07-23,manifest,,,doctrine,https://armypubs.army.mil/epubs/DR_pubs/DR_a/ARN34770-FM_3-94-000-WEB-1.pdf,row0069,2021 - FM 3-94 Armies Corps and Division Operations.pdf,US Army doctrine (current)
doctrine_current:row0070,parsed,,460,d6e6e0594ccbb29f1936af5c4c9c42f245f88b1f5b0adab2f2944b63defbeb29,,doctrine_current,FM 3-96 – Brigade Combat Team,FM 3-96,2021,2021-01-19,manifest,,,doctrine,https://armypubs.army.mil/epubs/DR_pubs/DR_a/ARN31505-FM_3-96-000-WEB-1.pdf,row0070,2021 - FM 3-96 Brigade Combat Team.pdf,US Army doctrine (current)
doctrine_current:row0071,parsed,,204,9362565b7e5a2ef6d13e23d28136dfb1b91a74066f65813dca78853f912cd48f,,doctrine_current,FM 3-98 – Reconnaissance and Security Operations,FM 3-98,2023,2023-01-10,manifest,,,doctrine,https://armypubs.army.mil/epubs/DR_pubs/DR_a/ARN37194-FM_3-98-000-WEB-1.pdf,row0071,2023 - FM 3-98 Reconnaissance and Security Operations.pdf,US Army doctrine (current)
doctrine_current:row0072,parsed,,232,a9637a09c558f77264ac7629c639a561123d0ef90fcdf03df8634a76ca4718a9,,doctrine_current,FM 3-99 – Airborne and Air Assault Operations,FM 3-99,2015,2015-03-06,manifest,,,doctrine,https://armypubs.army.mil/epubs/DR_pubs/DR_a/ARN44799-FM_3-99-001-WEB-4.pdf,row0072,2015 - FM 3-99 Airborne and Air Assault Operations.pdf,US Army doctrine (current)
doctrine_current:row0073,parsed,,256,90bc9a57f6508a73edd47f1e3a9f0f491e73c1e289da2d32d70c2ca626778d35,,doctrine_current,FM 4-0 – Sustainment Operations,FM 4-0,2026,2026-03-20,manifest,,,doctrine,https://armypubs.army.mil/epubs/DR_pubs/DR_a/ARN46157-FM_4-0-000-WEB-1.pdf,row0073,2026 - FM 4-0 Sustainment Operations.pdf,US Army doctrine (current)
doctrine_current:row0074,parsed,,122,c22b7cd6bb23474c5c166de30d72dc7e33b2b7907332a0904e9bc38aff1173d6,,doctrine_current,FM 4-1 – Human Resources Support,FM 4-1,2025,2025-09-15,manifest,,,doctrine,https://armypubs.army.mil/epubs/DR_pubs/DR_a/ARN44932-FM_4-1-000-WEB-1.pdf,row0074,2025 - FM 4-1 Human Resources Support.pdf,US Army doctrine (current)
doctrine_current:row0075,parsed,,234,79a684585cef9de1022b175c24199a51d5aaa7e8c41a1efc50ee2f1a07eb4624,,doctrine_current,FM 4-02 – Army Health System,FM 4-02,2020,2020-11-17,manifest,,,doctrine,https://armypubs.army.mil/epubs/DR_pubs/DR_a/ARN44575-FM_4-02-002-WEB-4.pdf,row0075,2020 - FM 4-02 Army Health System.pdf,US Army doctrine (current)
doctrine_current:row0076,parsed,,160,3f9dc58dae50cd933eed228f719d45a8c3ca235728a2ecd1da64fcd548788b0d,,doctrine_current,FM 4-80 – Financial Management Operations,FM 4-80,2025,2025-04-21,manifest,,,doctrine,https://armypubs.army.mil/epubs/DR_pubs/DR_a/ARN43537-FM_4-80-000-WEB-2.pdf,row0076,2025 - FM 4-80 Financial Management Operations.pdf,US Army doctrine (current)
doctrine_current:row0077,parsed,,412,d1b5d0e660fd9373954dda356dbbd4f23dcf1d5d173755bb2c9cc95b9d76c774,,doctrine_current,FM 5-0 – Planning and Orders Production,FM 5-0,2024,2024-11-04,manifest,,,doctrine,https://armypubs.army.mil/epubs/DR_pubs/DR_a/ARN44590-FM_5-0-001-WEB-3.pdf,row0077,2024 - FM 5-0 Planning and Orders Production.pdf,US Army doctrine (current)
doctrine_current:row0078,parsed,,224,0cb5416178687bf4353b3494bc70f2bb9034bd4627a28bc482a41a9c030b92b2,,doctrine_current,FM 6-0 – Commander and Staff Organization and Operations,FM 6-0,2022,2022-05-16,manifest,,,doctrine,https://armypubs.army.mil/epubs/DR_pubs/DR_a/ARN35404-FM_6-0-000-WEB-1.pdf,row0078,2022 - FM 6-0 Commander and Staff Organization and Operations.pdf,US Army doctrine (current)
doctrine_current:row0079,parsed,,184,be07473d502f39c5112d546015deaa8574c656e2b80e022c2e2608ff2f4f6900,,doctrine_current,FM 6-02 – Signal Support to Operations,FM 6-02,2019,2019-09-13,manifest,,,doctrine,https://armypubs.army.mil/epubs/DR_pubs/DR_a/pdf/web/ARN19185_FM 6-02_FINAL_WEB.pdf,row0079,2019 - FM 6-02 Signal Support to Operations.pdf,US Army doctrine (current)
doctrine_current:row0080,parsed,,192,6acb7b6d9234f23fc73558cc90894bcc1944b7e4f406b1c36b4c7be7e83b7925,,doctrine_current,FM 6-22 – Developing Leaders,FM 6-22,2022,2022-11-01,manifest,,,doctrine,https://armypubs.army.mil/epubs/DR_pubs/DR_a/ARN43044-FM_6-22-002-WEB-5.pdf,row0080,2022 - FM 6-22 Developing Leaders.pdf,US Army doctrine (current)
doctrine_current:row0081,parsed,,210,a2e214a71c4cc0ef26036f7eeb70ad32390b2f26f21cad003eba71295f188001,,doctrine_current,FM 6-27 – The Commander's Handbook on the Law of Land Warfare,FM 6-27,2019,2019-08-07,manifest,,,doctrine,https://armypubs.army.mil/epubs/DR_pubs/DR_a/ARN43807-FM_6-27-002-WEB-6.pdf,row0081,2019 - FM 6-27 The Commander s Handbook on the Law of Land Warfare.pdf,US Army doctrine (current)
doctrine_current:row0082,parsed,,236,6a0bcb5a7c609f6518d300f0fe793574f22416e1e51dba73e5ada902ddf14f44,,doctrine_current,FM 6-99 – U.S. Army Report and Message Formats,FM 6-99,2021,2021-05-17,manifest,,,doctrine,https://armypubs.army.mil/epubs/DR_pubs/DR_a/ARN34470-FM_6-99-000-WEB-1.pdf,row0082,2021 - FM 6-99 U.S. Army Report and Message Formats.pdf,US Army doctrine (current)
doctrine_current:row0083,parsed,,116,3c7ab09fbbe262bdd4058dae68bb2d52885ee632eb0b327873487805b12e122a,,doctrine_current,FM 7-0 – Training,FM 7-0,2021,2021-06-14,manifest,,,doctrine,https://armypubs.army.mil/epubs/DR_pubs/DR_a/ARN35076-FM_7-0-000-WEB-1.pdf,row0083,2021 - FM 7-0 Training.pdf,US Army doctrine (current)
doctrine_current:row0084,parsed,,240,fa298e5287117a0ca7080b950d1d8236b7e34b2a4a3435ce8058cdd4fa98b0b6,,doctrine_current,FM 7-22 – Holistic Health and Fitness,FM 7-22,2020,2020-10-01,manifest,,,doctrine,https://armypubs.army.mil/epubs/DR_pubs/DR_a/ARN44522-FM_7-22-002-WEB-7.pdf,row0084,2020 - FM 7-22 Holistic Health and Fitness.pdf,US Army doctrine (current)
doctrine_current:row0085,parsed,,368,a84151c73bd676e3a7bb9dc1c038392e9f00137cda7e6ba5b38f6c933ec6526c,,doctrine_current,FM 7-100.1 – Opposing Force Operations,FM 7-100.1,2004,2004-12-27,manifest,,,doctrine,https://armypubs.army.mil/epubs/DR_pubs/DR_a/pdf/web/fm7_100x1.pdf,row0085,2004 - FM 7-100.1 Opposing Force Operations.pdf,US Army doctrine (current)
doctrine_current:row0127,parsed,,200,25d066da449ab8cec176734a1a0c80d873055b31cef65958e5b45d9a1c007e20,,doctrine_current,ATP 1-0.1 – Techniques for Human Resources Support to Operations,ATP 1-0.1,2023,2023-11-16,manifest,,,doctrine,https://armypubs.army.mil/epubs/DR_pubs/DR_a/ARN45118-ATP_1-0.1-001-WEB-2.pdf,row0127,2023 - ATP 1-0.1 Techniques for Human Resources Support to Operations.pdf,US Army doctrine (current)
doctrine_current:row0128,parsed,,88,cd3d428f590b261697aaa7f145d63057883aa04c86e9f97474b5691024851340,,doctrine_current,"ATP 1-02.1 – Multi-Service Tactics, Techniques, and Procedures for Multi-Service Brevity Codes",ATP 1-02.1,2025,2025-04-25,manifest,,,doctrine,https://armypubs.army.mil/epubs/DR_pubs/DR_a/ARN43565-ATP_1-02.1-000-WEB-2.pdf,row0128,2025 - ATP 1-02.1 Multi-Service Tactics Techniques and Procedures for Multi-Service Brevity Codes.pdf,US Army doctrine (current)
doctrine_current:row0129,parsed,,92,d3051b32bf9844fe2b6704a0f26d13fa68be12830bd6480a129603579005c4fb,,doctrine_current,ATP 1-05.01 – Religious Support and the Operations Process,ATP 1-05.01,2018,2018-07-31,manifest,,,doctrine,https://armypubs.army.mil/epubs/DR_pubs/DR_a/ARN11484-ATP_1-05.01-000-WEB-1.pdf,row0129,2018 - ATP 1-05.01 Religious Support and the Operations Process.pdf,US Army doctrine (current)
doctrine_current:row0130,parsed,,54,13ab6fbf1bbc44f08fa20996f836ee8835c7e8bfd730b72b1923e7de3d5900e3,,doctrine_current,ATP 1-05.02 – Religious Support to Funerals and Memorial Events,ATP 1-05.02,2018,2018-11-27,manifest,,,doctrine,https://armypubs.army.mil/epubs/DR_pubs/DR_a/pdf/web/ARN14071_ATP 1-05x02 FINAL WEB 1.pdf,row0130,2018 - ATP 1-05.02 Religious Support to Funerals and Memorial Events.pdf,US Army doctrine (current)
doctrine_current:row0131,parsed,,64,ad29f7e40752a62ffd3eb1b56a1bed79a28dabfbb498a897c03aea36c66511e0,,doctrine_current,ATP 1-05.03 – Religious Support and External Advisement,ATP 1-05.03,2019,2019-01-31,manifest,,,doctrine,https://armypubs.army.mil/epubs/DR_pubs/DR_a/pdf/web/ARN14614_ATP 1-05x03 FINAL WEB.pdf,row0131,2019 - ATP 1-05.03 Religious Support and External Advisement.pdf,US Army doctrine (current)
doctrine_current:row0132,parsed,,80,6af3037bcaa081e176fb2ddbd5c3eefab67c36d69b3f907ade17e40d21d738b8,,doctrine_current,ATP 1-05.04 – Religious Support and Internal Advisement,ATP 1-05.04,2017,2017-03-23,manifest,,,doctrine,https://armypubs.army.mil/epubs/DR_pubs/DR_a/ARN44133-ATP_1-05.04-001-WEB-3.pdf,row0132,2017 - ATP 1-05.04 Religious Support and Internal Advisement.pdf,US Army doctrine (current)
doctrine_current:row0133,parsed,,70,8a0978c3b5d958ffeb620fe141f7b53538934f4ec33c81822898060619a80899,,doctrine_current,ATP 1-05.05 – Religious Support and Casualty Care,ATP 1-05.05,2019,2019-08-28,manifest,,,doctrine,https://armypubs.army.mil/epubs/DR_pubs/DR_a/pdf/web/ARN18612_ATP 1-05x05 FINAL WEB.pdf,row0133,2019 - ATP 1-05.05 Religious Support and Casualty Care.pdf,US Army doctrine (current)
doctrine_current:row0134,parsed,,48,cf8993793fab57be1ecd612321e5a9a672c555b822a02b93edf244a80e04e46b,,doctrine_current,ATP 1-06.1 – Field Ordering Officer (FOO) and Pay Agent (PA) Operations,ATP 1-06.1,2013,2013-05-10,manifest,,,doctrine,https://armypubs.army.mil/epubs/DR_pubs/DR_a/pdf/web/atp1_06x1.pdf,row0134,2013 - ATP 1-06.1 Field Ordering Officer (FOO) and Pay Agent (PA) Operations.pdf,US Army doctrine (current)
doctrine_current:row0135,parsed,,90,4ddc148108840a29e02c096710155a0f82a97cd249e8aefa4797ebf9ab853d21,,doctrine_current,ATP 1-06.2 – Commanders' Emergency Response Program,ATP 1-06.2,2017,2017-05-22,manifest,,,doctrine,https://armypubs.army.mil/epubs/DR_pubs/DR_a/pdf/web/ARN7910_ATP 1-06x2 FINAL WEB.pdf,row0135,2017 - ATP 1-06.2 Commanders Emergency Response Program.pdf,US Army doctrine (current)
doctrine_current:row0136,parsed,,44,3290f8ec7baf3fc1f10b07e52301778fd58c76c749314b073bf1436e653684a4,,doctrine_current,ATP 1-06.3 – Banking Operations,ATP 1-06.3,2015,2015-01-23,manifest,,,doctrine,https://armypubs.army.mil/epubs/DR_pubs/DR_a/pdf/web/atp1_06x3.pdf,row0136,2015 - ATP 1-06.3 Banking Operations.pdf,US Army doctrine (current)
doctrine_current:row0137,parsed,,36,624307401225dd360c6bf9f6cde0ba375e50dd25183b5154f18d4a638d24ccee,,doctrine_current,ATP 1-06.4 – Internal Controls,ATP 1-06.4,2016,2016-05-12,manifest,,,doctrine,https://armypubs.army.mil/epubs/DR_pubs/DR_a/pdf/web/ATP 1-06x4 FINAL WEB.pdf,row0137,2016 - ATP 1-06.4 Internal Controls.pdf,US Army doctrine (current)
doctrine_current:row0138,parsed,,76,46a99bc29f645e15eb08a082998bc2aa27a38b1b224e0b6b223b17812820cae3,,doctrine_current,ATP 1-19 – Army Bands,ATP 1-19,2021,2021-07-28,manifest,,,doctrine,https://armypubs.army.mil/epubs/DR_pubs/DR_a/ARN33088-ATP_1-19-000-WEB-1.pdf,row0138,2021 - ATP 1-19 Army Bands.pdf,US Army doctrine (current)
doctrine_current:row0139,parsed,,74,a36844bbf754ac73918e6c373be5b08475d421f9639026cb097b9d166acf427e,,doctrine_current,ATP 1-20 – Military History Operations,ATP 1-20,2014,2014-06-09,manifest,,,doctrine,https://armypubs.army.mil/epubs/DR_pubs/DR_a/pdf/web/atp1_20.pdf,row0139,2014 - ATP 1-20 Military History Operations.pdf,US Army doctrine (current)
doctrine_current:row0140,parsed,,232,0f636945ae0485177473465b76413bf2a5c6a934ff581aad17585125a30849bb,,doctrine_current,ATP 2-01.3 – Intelligence Preparation of the Operational Environment,ATP 2-01.3,2019,2019-03-01,manifest,,,doctrine,https://armypubs.army.mil/epubs/DR_pubs/DR_a/ARN43736-ATP_2-01.3-003-WEB-7.pdf,row0140,2019 - ATP 2-01.3 Intelligence Preparation of the Operational Environment.pdf,US Army doctrine (current)
doctrine_current:row0141,parsed,,108,82cc30edeae116240932bcb25631513896fbeb775614c06d157f8c8f40ec2b26,,doctrine_current,ATP 2-01.4 – Intelligence Support to Army Targeting,ATP 2-01.4,2026,2026-03-04,manifest,,,doctrine,https://armypubs.army.mil/epubs/DR_pubs/DR_a/ARN46059-ATP_2-01.4-000-WEB-1.pdf,row0141,2026 - ATP 2-01.4 Intelligence Support to Army Targeting.pdf,US Army doctrine (current)
doctrine_current:row0142,parsed,,112,394f9096e955d554bd20a520479bec532b39740d832d4794ce43331614aa55ac,,doctrine_current,ATP 2-22.7 – Geospatial Intelligence,ATP 2-22.7,2025,2025-06-09,manifest,,,doctrine,https://armypubs.army.mil/epubs/DR_pubs/DR_a/ARN43925-ATP_2-22.7-000-WEB-1.pdf,row0142,2025 - ATP 2-22.7 Geospatial Intelligence.pdf,US Army doctrine (current)
doctrine_current:row0144,parsed,,174,13ebf4dececa01a6144bb49a78399412dd4639e58a56c1aeded447186d87f0b0,,doctrine_current,ATP 2-33.4 – Intelligence Analysis,ATP 2-33.4,2020,2020-01-10,manifest,,,doctrine,https://armypubs.army.mil/epubs/DR_pubs/DR_a/ARN43899-ATP_2-33.4-001-WEB-3.pdf,row0144,2020 - ATP 2-33.4 Intelligence Analysis.pdf,US Army doctrine (current)
doctrine_current:row0146,parsed,,72,c37e25dd787d6cb756e815a5417092ab0e597b815367d8c1acdc4a1f86017723,,doctrine_current,ATP 3-01.7 – Air Defense Artillery Brigade Techniques,ATP 3-01.7,2016,2016-03-16,manifest,,,doctrine,https://armypubs.army.mil/epubs/DR_pubs/DR_a/pdf/web/atp3_01x7.pdf,row0146,2016 - ATP 3-01.7 Air Defense Artillery Brigade Techniques.pdf,US Army doctrine (current)
doctrine_current:row0147,parsed,,68,83f70d77f85d9ce1a13a349fdc132f00a36db8cd73681cc5e68ea255382fd6f6,,doctrine_current,ATP 3-01.8 – Techniques for Combined Arms for Air Defense,ATP 3-01.8,2016,2016-07-29,manifest,,,doctrine,https://armypubs.army.mil/epubs/DR_pubs/DR_a/ARN2446-ATP_3-01.8-000-WEB-1.pdf,row0147,2016 - ATP 3-01.8 Techniques for Combined Arms for Air Defense.pdf,US Army doctrine (current)
doctrine_current:row0148,parsed,,90,741508247afcd3b27fdbfcd01cd7448a26536d3eaa1f6540e5e00fd3b9903672,,doctrine_current,ATP 3-01.16 – Air and Missile Defense Intelligence Preparation of the Battlefield (AMD IPB),ATP 3-01.16,2016,2016-03-31,manifest,,,doctrine,https://armypubs.army.mil/epubs/DR_pubs/DR_a/pdf/web/ARN12531_ATP 3-01x16 FINAL WEB.pdf,row0148,2016 - ATP 3-01.16 Air and Missile Defense Intelligence Preparation of the Battlefield (AMD IPB).pdf,US Army doctrine (current)
doctrine_current:row0151,parsed,,152,3544f740c53b5e17e1bf27b4cc5f69a2cf4906abad36791e204f55534d057ea8,,doctrine_current,ATP 3-01.50 – Air Defense and Airspace Management (ADAM) Cell Operation,ATP 3-01.50,2013,2013-04-05,manifest,,,doctrine,https://armypubs.army.mil/epubs/DR_pubs/DR_a/pdf/web/atp3_01x50.pdf,row0151,2013 - ATP 3-01.50 Air Defense and Airspace Management (ADAM) Cell Operation.pdf,US Army doctrine (current)
doctrine_current:row0152,parsed,,102,5c871fa94285dc3d9e8f030683c862daef51d0e03a224dc799a500e66acece4f,,doctrine_current,ATP 3-01.64 – Avenger Battalion and Battery Techniques,ATP 3-01.64,2016,2016-03-10,manifest,,,doctrine,https://armypubs.army.mil/epubs/DR_pubs/DR_a/ARN2644-ATP_3-01.64-000-WEB-1.pdf,row0152,2016 - ATP 3-01.64 Avenger Battalion and Battery Techniques.pdf,US Army doctrine (current)
doctrine_current:row0153,parsed,,106,3f58223d4a871677209d53fb0b40445557865fdfc83f2d3d306889eec80890f7,,doctrine_current,ATP 3-01.81 – Counter-Unmanned Aircraft System (C-UAS) Operations,ATP 3-01.81,2025,2025-05-23,manifest,,,doctrine,https://armypubs.army.mil/epubs/DR_pubs/DR_a/ARN43877-ATP_3-01.81-000-WEB-1.pdf,row0153,2025 - ATP 3-01.81 Counter-Unmanned Aircraft System (C-UAS) Operations.pdf,US Army doctrine (current)
doctrine_current:row0159,parsed,,104,3d259d733a70b24c315d15ab19878a15c929aa94e905467be29135e0779e8b52,,doctrine_current,ATP 3-04.6 – Air Traffic Services Operations,ATP 3-04.6,2022,2022-01-12,manifest,,,doctrine,https://armypubs.army.mil/epubs/DR_pubs/DR_a/ARN35738-ATP_3-04.6-001-WEB-2.pdf,row0159,2022 - ATP 3-04.6 Air Traffic Services Operations.pdf,US Army doctrine (current)
doctrine_current:row0160,parsed,,196,79c37c11b52f6d0ec94e9297d84736731cc0be599cf48a0182f7ac566e9bfc26,,doctrine_current,ATP 3-04.7 – Army Aviation Maintenance,ATP 3-04.7,2020,2020-10-20,manifest,,,doctrine,https://armypubs.army.mil/epubs/DR_pubs/DR_a/ARN31028-ATP_3-04.7-000-WEB-1.pdf,row0160,2020 - ATP 3-04.7 Army Aviation Maintenance.pdf,US Army doctrine (current)
doctrine_current:row0161,parsed,,50,ee2049da2a2f7b3770916cfbe93cd21b97f37c01798067d3069eb318eace9ebe,,doctrine_current,"ATP 3-04.13 – Helicopter and Small Aircraft Battle Damage Assessment, Repair, and Recovery",ATP 3-04.13,2021,2021-11-09,manifest,,,doctrine,https://armypubs.army.mil/epubs/DR_pubs/DR_a/ARN34174-ATP_3-04.13-000-WEB-1.pdf,row0161,2021 - ATP 3-04.13 Helicopter and Small Aircraft Battle Damage Assessment Repair and Recovery.pdf,US Army doctrine (current)
doctrine_current:row0162,parsed,,154,129c880db531283bf5a55a3ea727332e7a5df3531d3a8dbb2b190dee8209092c,,doctrine_current,ATP 3-04.16 – Airfield Operations,ATP 3-04.16,2023,2023-09-21,manifest,,,doctrine,https://armypubs.army.mil/epubs/DR_pubs/DR_a/ARN39332-ATP_3-04.16-000-WEB-1.pdf,row0162,2023 - ATP 3-04.16 Airfield Operations.pdf,US Army doctrine (current)
doctrine_current:row0163,parsed,,114,1aa4a80e75c1333b5053b1e3a04c458a58bb9114deeda176bc51e76801ba0db0,,doctrine_current,ATP 3-04.17 – Techniques for Forward Arming and Refueling Points,ATP 3-04.17,2018,2018-06-04,manifest,,,doctrine,https://armypubs.army.mil/epubs/DR_pubs/DR_a/ARN32371-ATP_3-04.17-001-WEB-3.pdf,row0163,2018 - ATP 3-04.17 Techniques for Forward Arming and Refueling Points.pdf,US Army doctrine (current)
doctrine_current:row0165,parsed,,1,efd78dfb69a8b98f08f89c1b3afd6eeea5a4482d29a52429250ece41151491d7,,doctrine_current,"ATP 3-04.19 – Multi-Service Tactics, Techniques, and Procedures for Shipboard Helicopter and Tiltrotor Aircraft Operations",ATP 3-04.19,2019,2019-03-01,manifest,,,doctrine,https://armypubs.army.mil/epubs/DR_pubs/DR_a/ARN18485-ATP_3-04.19-000-WEB-1.pdf,row0165,2019 - ATP 3-04.19 Multi-Service Tactics Techniques and Procedures for Shipboard Helicopter and Tiltrotor Aircraft Operation.pdf,US Army doctrine (current)
doctrine_current:row0168,parsed,,64,2683bb20ee5cbe9504c233a5895faf522bb56b14c3481b0c23d62f73493a4d5d,,doctrine_current,ATP 3-04.119 – Aviation Security and Support Battalion Operations,ATP 3-04.119,2022,2022-01-25,manifest,,,doctrine,https://armypubs.army.mil/epubs/DR_pubs/DR_a/ARN34497-ATP_3-04.119-000-WEB-1.pdf,row0168,2022 - ATP 3-04.119 Aviation Security and Support Battalion Operations.pdf,US Army doctrine (current)
doctrine_current:row0170,parsed,,218,62a78eac252e32c40e1d7eb6de2341fc8d6e8ca8f560e8bb8bd28ff658568d09,,doctrine_current,ATP 3-05.2 – Foreign Internal Defense,ATP 3-05.2,2015,2015-08-19,manifest,,,doctrine,https://armypubs.army.mil/epubs/DR_pubs/DR_a/pdf/web/atp3_05x2.pdf,row0170,2015 - ATP 3-05.2 Foreign Internal Defense.pdf,US Army doctrine (current)
doctrine_current:row0176,parsed,,278,1807b1f8305c1047f76986d578b9541232e7b7c276485803aa0aa082a3336b96,,doctrine_current,ATP 3-06 – Urban Operations,ATP 3-06,2022,2022-07-21,manifest,,,doctrine,https://armypubs.army.mil/epubs/DR_pubs/DR_a/ARN44053-ATP_3-06-001-WEB-3.pdf,row0176,2022 - ATP 3-06 Urban Operations.pdf,US Army doctrine (current)
doctrine_current:row0177,parsed,,84,913a26f39f32cd44320fc26c4df68e17f5302aa6f13eb70adb7acf57a8a19634,,doctrine_current,"ATP 3-06.1 – Multi-Service Tactics, Techniques, and Procedures for Aviation Urban Operations",ATP 3-06.1,2022,2022-02-22,manifest,,,doctrine,https://armypubs.army.mil/epubs/DR_pubs/DR_a/ARN34839-ATP_3-06.1-000-WEB-1.pdf,row0177,2022 - ATP 3-06.1 Multi-Service Tactics Techniques and Procedures for Aviation Urban Operations.pdf,US Army doctrine (current)
doctrine_current:row0178,parsed,,304,195b2bd8b8d60ed5a355a74de9228ef5a7fa70986c30813c882279f3fc690101,,doctrine_current,ATP 3-06.11 – Brigade Combat Team Urban Operations,ATP 3-06.11,2024,2024-09-27,manifest,,,doctrine,https://armypubs.army.mil/epubs/DR_pubs/DR_a/ARN42031-ATP_3-06.11-000-WEB-2.pdf,row0178,2024 - ATP 3-06.11 Brigade Combat Team Urban Operations.pdf,US Army doctrine (current)
doctrine_current:row0179,parsed,,172,3d9a358c662d81b3e60ee42685d7797d031968b7a9aef7be6f0d28ef7742b445,,doctrine_current,ATP 3-07.5 – Stability Techniques,ATP 3-07.5,2012,2012-08-31,manifest,,,doctrine,https://armypubs.army.mil/epubs/DR_pubs/DR_a/ARN43953-ATP_3-07.5-001-WEB-3.pdf,row0179,2012 - ATP 3-07.5 Stability Techniques.pdf,US Army doctrine (current)
doctrine_current:row0180,parsed,,88,905acfbe03795e4eaee291d7cd237075dd4910a0e2aa5875f320d4b7d0d0e3f7,,doctrine_current,ATP 3-07.6 – Protection of Civilians,ATP 3-07.6,2015,2015-10-29,manifest,,,doctrine,https://armypubs.army.mil/epubs/DR_pubs/DR_a/ARN43965-ATP_3-07.6-001-WEB-3.pdf,row0180,2015 - ATP 3-07.6 Protection of Civilians.pdf,US Army doctrine (current)
doctrine_current:row0181,parsed,,208,0f2a5a4fad11e57e007380128dc0369ef4fb87fb0be0ef3275c7112b4cff50cc,,doctrine_current,"ATP 3-07.10 – Multi-Service Tactics, Techniques, and Procedures for Advising Foreign Security Forces",ATP 3-07.10,2023,2023-06-15,manifest,,,doctrine,https://armypubs.army.mil/epubs/DR_pubs/DR_a/ARN46325-ATP_3-07.10-001-WEB-3.pdf,row0181,2023 - ATP 3-07.10 Multi-Service Tactics Techniques and Procedures for Advising Foreign Security Forces.pdf,US Army doctrine (current)
doctrine_current:row0182,parsed,,134,963287034e4f5bc5200ae95a06933910aeefee534d759ec55b7d17710a94d216,,doctrine_current,"ATP 3-07.31 – Multi-Service Tactics, Techniques, and Procedures for Peace Operations",ATP 3-07.31,2019,2019-05-02,manifest,,,doctrine,https://armypubs.army.mil/epubs/DR_pubs/DR_a/ARN44121-ATP_3-07.31-001-WEB-4.pdf,row0182,2019 - ATP 3-07.31 Multi-Service Tactics Techniques and Procedures for Peace Operations.pdf,US Army doctrine (current)
doctrine_current:row0183,parsed,,168,df9849c87bd761fd35750f5a87a846fb60d11cb5ce9bbec82938ad4dd03ee464,,doctrine_current,ATP 3-09.02 – Field Artillery Survey,ATP 3-09.02,2016,2016-02-16,manifest,,,doctrine,https://armypubs.army.mil/epubs/DR_pubs/DR_a/pdf/web/atp3_09x02.pdf,row0183,2016 - ATP 3-09.02 Field Artillery Survey.pdf,US Army doctrine (current)
doctrine_current:row0184,parsed,,150,35137c115b000e95760e842d50116d50935c68015bffc063641fcbfd52f5f606,,doctrine_current,ATP 3-09.12 – Field Artillery Counterfire and Weapons Locating Radar Operations,ATP 3-09.12,2021,2021-10-26,manifest,,,doctrine,https://armypubs.army.mil/epubs/DR_pubs/DR_a/ARN33999-ATP_3-09.12-000-WEB-1.pdf,row0184,2021 - ATP 3-09.12 Field Artillery Counterfire and Weapons Locating Radar Operations.pdf,US Army doctrine (current)
doctrine_current:row0185,parsed,,68,ea40878f6e25dd50127db241284e41a55321d6e57b99af8d9fbee5eae14ed00a,,doctrine_current,ATP 3-09.13 – The Battlefield Coordination Detachment,ATP 3-09.13,2015,2015-07-24,manifest,,,doctrine,https://armypubs.army.mil/epubs/DR_pubs/DR_a/pdf/web/atp3_09x13.pdf,row0185,2015 - ATP 3-09.13 The Battlefield Coordination Detachment.pdf,US Army doctrine (current)
doctrine_current:row0186,parsed,,168,90aa5eb1ac0ec4982f1ddab1c5c68b4f47ee75fe09bf63bb2df0e64452a7953e,,doctrine_current,ATP 3-09.23 – Field Artillery Battalion Operations,ATP 3-09.23,2026,2026-02-25,manifest,,,doctrine,https://armypubs.army.mil/epubs/DR_pubs/DR_a/ARN46039-ATP_3-09.23-000-WEB-1.pdf,row0186,2026 - ATP 3-09.23 Field Artillery Battalion Operations.pdf,US Army doctrine (current)
doctrine_current:row0187,parsed,,93,d2e9f2f2762b1f707a1196f1117ac6f36b434c42e68b017a3f8179e59a450fd9,,doctrine_current,ATP 3-09.24 – The Field Artillery Brigade,ATP 3-09.24,2022,2022-03-30,manifest,,,doctrine,https://armypubs.army.mil/epubs/DR_pubs/DR_a/ARN35074-ATP_3-09.24-000-WEB-1.pdf,row0187,2022 - ATP 3-09.24 The Field Artillery Brigade.pdf,US Army doctrine (current)
doctrine_current:row0188,parsed,,204,0688997dfe71a5f27566941494a990728161c356eabdd6ab174300483bfbb52a,,doctrine_current,ATP 3-09.30 – Observed Fires,ATP 3-09.30,2017,2017-09-28,manifest,,,doctrine,https://armypubs.army.mil/epubs/DR_pubs/DR_a/pdf/web/ARN5011_ATP 3-09x30 FINAL WEB.pdf,row0188,2017 - ATP 3-09.30 Observed Fires.pdf,US Army doctrine (current)
doctrine_current:row0189,parsed,,308,3720dc281fd0ae705e835962f26c489d93ac598cc776ded182ba5e0a455b1763,,doctrine_current,ATP 3-09.42 – Fire Support for the Brigade Combat Team,ATP 3-09.42,2016,2016-03-01,manifest,,,doctrine,https://armypubs.army.mil/epubs/DR_pubs/DR_a/pdf/web/atp3_09x42.pdf,row0189,2016 - ATP 3-09.42 Fire Support for the Brigade Combat Team.pdf,US Army doctrine (current)
doctrine_current:row0190,parsed,,182,c44fcfdf96354c70af8891398688b3233073fe6798d8accdf0aa35d4e506a36c,,doctrine_current,ATP 3-09.50 – The Field Artillery Cannon Battery,ATP 3-09.50,2016,2016-05-04,manifest,,,doctrine,https://armypubs.army.mil/epubs/DR_pubs/DR_a/pdf/web/atp3_09x50.pdf,row0190,2016 - ATP 3-09.50 The Field Artillery Cannon Battery.pdf,US Army doctrine (current)
doctrine_current:row0192,parsed,,88,f1d7ff1053f7874e536ce735ce1bcf32edbc5e962719a8aeeb8328fbc783f39d,,doctrine_current,ATP 3-09.70 – Paladin Operations,ATP 3-09.70,2015,2015-09-25,manifest,,,doctrine,https://armypubs.army.mil/epubs/DR_pubs/DR_a/pdf/web/atp3_09x70.pdf,row0192,2015 - ATP 3-09.70 Paladin Operations.pdf,US Army doctrine (current)
doctrine_current:row0193,parsed,,102,4f49a74e8c623073f3a636e69f4ff58583c4ed6e1f43254b7665e595ebdb3df0,,doctrine_current,ATP 3-09.90 – Division Artillery Operations and Fire Support for the Division,ATP 3-09.90,2017,2017-10-12,manifest,,,doctrine,https://armypubs.army.mil/epubs/DR_pubs/DR_a/pdf/web/ARN5999_ATP 3-09x90 FINAL WEB 1.pdf,row0193,2017 - ATP 3-09.90 Division Artillery Operations and Fire Support for the Division.pdf,US Army doctrine (current)
doctrine_current:row0196,parsed,,168,633df2c84484cbc2e9b663e100f3f52e18cad47c0b2c82befeb1c3ae22e49fdc,,doctrine_current,"ATP 3-11.42 – Multi-Service Tactics, Techniques, and Procedures for Domestic Chemical, Biological, Radiological, and Nuclear Response",ATP 3-11.42,2021,2021-12-22,manifest,,,doctrine,https://armypubs.army.mil/epubs/DR_pubs/DR_a/ARN40096-ATP_3-11.42-001-WEB-2.pdf,row0196,2021 - ATP 3-11.42 Multi-Service Tactics Techniques and Procedures for Domestic Chemical Biological Radiological and Nuclear.pdf,US Army doctrine (current)
doctrine_current:row0200,parsed,,210,797712ac0bed7f6a1f779e521b8e700a3c737a9bfa00c310d15a9d8af1e7e554,,doctrine_current,"ATP 3-11.74 – Chemical, Biological, Radiological, and Nuclear Platoons",ATP 3-11.74,2021,2021-04-15,manifest,,,doctrine,https://armypubs.army.mil/epubs/DR_pubs/DR_a/ARN32065-ATP_3-11.74-000-WEB-1.pdf,row0200,2021 - ATP 3-11.74 Chemical Biological Radiological and Nuclear Platoons.pdf,US Army doctrine (current)
doctrine_current:row0201,parsed,,164,606dd3eaa40f9b21762f10331897f5b821337599f60816eecd0e697045cd2f84,,doctrine_current,ATP 3-12.3 – Electromagnetic Warfare Techniques,ATP 3-12.3,2023,2023-01-30,manifest,,,doctrine,https://armypubs.army.mil/epubs/DR_pubs/DR_a/ARN44803-ATP_3-12.3-002-WEB-3.pdf,row0201,2023 - ATP 3-12.3 Electromagnetic Warfare Techniques.pdf,US Army doctrine (current)
doctrine_current:row0202,parsed,,178,2eaa82e07ff0c14a83932ac56fc294c54732a2d9655bd20cfd81dc93ae1776dc,,doctrine_current,ATP 3-12.4 – Electromagnetic Warfare Platoon,ATP 3-12.4,2023,2023-01-09,manifest,,,doctrine,https://armypubs.army.mil/epubs/DR_pubs/DR_a/ARN37162-ATP_3-12.4-000-WEB-1.pdf,row0202,2023 - ATP 3-12.4 Electromagnetic Warfare Platoon.pdf,US Army doctrine (current)
doctrine_current:row0203,parsed,,120,3cc8a14c1492ff8e1fa3958d8e57af4eb5d7afe9b385ad9ae5c85a001fd453d4,,doctrine_current,ATP 3-13.1 – The Conduct of Information Operations,ATP 3-13.1,2018,2018-10-04,manifest,,,doctrine,https://armypubs.army.mil/epubs/DR_pubs/DR_a/ARN44786-ATP_3-13.1-001-WEB-2.pdf,row0203,2018 - ATP 3-13.1 The Conduct of Information Operations.pdf,US Army doctrine (current)
doctrine_current:row0204,parsed,,66,a79ed8b9eb80b56d57ac5ac770c0c6bca169f0dfa23cfb28cdf34bd021283378,,doctrine_current,ATP 3-13.3 – Army Operations Security for Division and Below,ATP 3-13.3,2019,2019-07-16,manifest,,,doctrine,https://armypubs.army.mil/epubs/DR_pubs/DR_a/pdf/web/ARN17805_ATP 3-13x3 FINAL WEB.pdf,row0204,2019 - ATP 3-13.3 Army Operations Security for Division and Below.pdf,US Army doctrine (current)
doctrine_current:row0205,parsed,,84,7677cd6bba9d42fd5dde5c12ce32252e384cf9d534be22d55d87701d8ee69244,,doctrine_current,ATP 3-13.5 – Soldier and Leader Engagement,ATP 3-13.5,2021,2021-12-21,manifest,,,doctrine,https://armypubs.army.mil/epubs/DR_pubs/DR_a/ARN34346-ATP_3-13.5-000-WEB-1.pdf,row0205,2021 - ATP 3-13.5 Soldier and Leader Engagement.pdf,US Army doctrine (current)
doctrine_current:row0207,parsed,,68,4059b90ad175c23d915cecfd718e93237c365abc903c4e4ead550cca3655a3f6,,doctrine_current,ATP 3-16.02 – Write for Release,ATP 3-16.02,2023,2023-09-26,manifest,,,doctrine,https://armypubs.army.mil/epubs/DR_pubs/DR_a/ARN39403-ATP_3-16.02-000-WEB-1.pdf,row0207,2023 - ATP 3-16.02 Write for Release.pdf,US Army doctrine (current)
doctrine_current:row0208,parsed,,144,36cc2d016a371582245722e8054a216a2768cc98f946d5098d1990aaba66c5ee,,doctrine_current,"ATP 3-17.2 – Multi-Service Tactics, Techniques, and Procedures for Airfield Opening",ATP 3-17.2,2024,2024-03-01,manifest,,,doctrine,https://armypubs.army.mil/epubs/DR_pubs/DR_a/ARN40286-ATP_3-17.2-000-WEB-2.pdf,row0208,2024 - ATP 3-17.2 Multi-Service Tactics Techniques and Procedures for Airfield Opening.pdf,US Army doctrine (current)
doctrine_current:row0215,parsed,,432,93584954e89a9bd1748328c4148147d468e119062e136d9c82bb0b5891c011d9,,doctrine_current,ATP 3-20.15 – Tank Platoon,ATP 3-20.15,2025,2025-07-10,manifest,,,doctrine,https://armypubs.army.mil/epubs/DR_pubs/DR_a/ARN44282-ATP_3-20.15-000-WEB-1.pdf,row0215,2025 - ATP 3-20.15 Tank Platoon.pdf,US Army doctrine (current)
doctrine_current:row0216,parsed,,164,685411ae49eafd380c2ce95df0f9f67a85c8b338b7b0a73fe0255f62f7032909,,doctrine_current,ATP 3-20.96 – Cavalry Squadron,ATP 3-20.96,2016,2016-05-12,manifest,,,doctrine,https://armypubs.army.mil/epubs/DR_pubs/DR_a/ARN39444-ATP_3-20.96-000-WEB-0.pdf,row0216,2016 - ATP 3-20.96 Cavalry Squadron.pdf,US Army doctrine (current)
doctrine_current:row0217,parsed,,164,d9d27b604d9b5adfb5268201659adc49fa6a7544d88d7be9dcb33e5404b51c81,,doctrine_current,ATP 3-20.97 – Cavalry Troop,ATP 3-20.97,2024,2024-09-12,manifest,,,doctrine,https://armypubs.army.mil/epubs/DR_pubs/DR_a/ARN41996-ATP_3-20.97-000-WEB-2.pdf,row0217,2024 - ATP 3-20.97 Cavalry Troop.pdf,US Army doctrine (current)
doctrine_current:row0218,parsed,,416,3cbcab67ee695ad5b2bd1eb06cd5b6f47931e76e017134ca45232e6ce37e194e,,doctrine_current,ATP 3-20.98 – Scout Platoon,ATP 3-20.98,2019,2019-12-04,manifest,,,doctrine,https://armypubs.army.mil/epubs/DR_pubs/DR_a/ARN44397-ATP_3-20.98-001-WEB-2.pdf,row0218,2019 - ATP 3-20.98 Scout Platoon.pdf,US Army doctrine (current)
doctrine_current:row0219,parsed,,598,2f8da7a0b91f42e02b3fd5cdaf818612dc9d6ce981f53fac5b009026c59b8700,,doctrine_current,ATP 3-21.8 – Infantry Rifle Platoon and Squad,ATP 3-21.8,2024,2024-01-11,manifest,,,doctrine,https://armypubs.army.mil/epubs/DR_pubs/DR_a/ARN44065-ATP_3-21.8-001-WEB-3.pdf,row0219,2024 - ATP 3-21.8 Infantry Rifle Platoon and Squad.pdf,US Army doctrine (current)
doctrine_current:row0220,parsed,,452,55b6c050002101730360c5f23a410f9b95ba342590a983fb96426cd1e669dc10,,doctrine_current,ATP 3-21.9 – Stryker Infantry Rifle Platoon and Squad,ATP 3-21.9,2025,2025-06-24,manifest,,,doctrine,https://armypubs.army.mil/epubs/DR_pubs/DR_a/ARN44078-ATP_3-21.9-000-WEB-2.pdf,row0220,2025 - ATP 3-21.9 Stryker Infantry Rifle Platoon and Squad.pdf,US Army doctrine (current)
doctrine_current:row0221,parsed,,296,97f8086fcfff7b30c0495b24199eb4c531c1d8b5a1172e30e4dc380f9cb3183c,,doctrine_current,ATP 3-21.10 – Infantry Rifle Company,ATP 3-21.10,2026,2026-06-01,manifest,,,doctrine,https://armypubs.army.mil/epubs/DR_pubs/DR_a/ARN46667-ATP_3-21.10-000-WEB-1.pdf,row0221,2026 - ATP 3-21.10 Infantry Rifle Company.pdf,US Army doctrine (current)
doctrine_current:row0222,parsed,,364,59df817c1b8274898b55a8c0adc06be5d6a078ece0444cdd0c1df08decc33663,,doctrine_current,ATP 3-21.11 – Stryker Brigade Combat Team Infantry Rifle Company,ATP 3-21.11,2020,2020-11-25,manifest,,,doctrine,https://armypubs.army.mil/epubs/DR_pubs/DR_a/ARN31150-ATP_3-21.11-000-WEB-1.pdf,row0222,2020 - ATP 3-21.11 Stryker Brigade Combat Team Infantry Rifle Company.pdf,US Army doctrine (current)
doctrine_current:row0223,parsed,,168,72c4dd90624957441e13e5157ddf62b57cc0f96eb53dd36bb97ea479aa0e0167,,doctrine_current,ATP 3-21.18 – Foot Marches,ATP 3-21.18,2025,2025-07-24,manifest,,,doctrine,https://armypubs.army.mil/epubs/DR_pubs/DR_a/ARN44398-ATP_3-21.18-000-WEB-1.pdf,row0223,2025 - ATP 3-21.18 Foot Marches.pdf,US Army doctrine (current)
doctrine_current:row0224,parsed,,584,6dcf6524faa298755819dc9729833cd00a751241a9f444f833044f363bc8b461,,doctrine_current,ATP 3-21.20 – Infantry Battalion,ATP 3-21.20,2017,2017-12-28,manifest,,,doctrine,https://armypubs.army.mil/epubs/DR_pubs/DR_a/pdf/web/ARN6672_ATP 3-21x20 FINAL WEB.pdf,row0224,2017 - ATP 3-21.20 Infantry Battalion.pdf,US Army doctrine (current)
doctrine_current:row0225,parsed,,272,68c9e1a6b55a89bd642671f7ab35596b858ce5e1a168a9ea1cbce5fb8158090b,,doctrine_current,ATP 3-21.21 – SBCT Infantry Battalion,ATP 3-21.21,2016,2016-03-22,manifest,,,doctrine,https://armypubs.army.mil/epubs/DR_pubs/DR_a/ARN159-ATP_3-21.21-000-WEB-2.pdf,row0225,2016 - ATP 3-21.21 SBCT Infantry Battalion.pdf,US Army doctrine (current)
doctrine_current:row0226,parsed,,200,354d07c50ffaf4bfafa50d89ef63aee3aa3f1c34783a3b89e69802e637c82454,,doctrine_current,ATP 3-21.50 – Infantry Small-Unit Mountain and Cold Weather Operations,ATP 3-21.50,2025,2025-07-29,manifest,,,doctrine,https://armypubs.army.mil/epubs/DR_pubs/DR_a/ARN44366-ATP_3-21.50-000-WEB-1.pdf,row0226,2025 - ATP 3-21.50 Infantry Small-Unit Mountain and Cold Weather Operations.pdf,US Army doctrine (current)
doctrine_current:row0227,parsed,,228,97d38d61b32c7adf743697d865c935c993c3c749d3b777abe38a8e5bb4b621ed,,doctrine_current,ATP 3-21.51 – Subterranean Operations,ATP 3-21.51,2019,2019-11-01,manifest,,,doctrine,https://armypubs.army.mil/epubs/DR_pubs/DR_a/ARN19656-ATP_3-21.51-000-WEB-1.pdf,row0227,2019 - ATP 3-21.51 Subterranean Operations.pdf,US Army doctrine (current)
doctrine_current:row0228,parsed,,416,5b3f1a68c08a659847e8846e688613ec925e082d6e9ce962cb2db412cd9ba5f2,,doctrine_current,ATP 3-21.71 – Mechanized Infantry Platoon and Squad,ATP 3-21.71,2024,2024-10-15,manifest,,,doctrine,https://armypubs.army.mil/epubs/DR_pubs/DR_a/ARN42245-ATP_3-21.71-000-WEB-2.pdf,row0228,2024 - ATP 3-21.71 Mechanized Infantry Platoon and Squad.pdf,US Army doctrine (current)
doctrine_current:row0229,parsed,,208,a48ba0e9199c9358c7e57ec38e8092af2b42110ea457378587f7990948e38bac,,doctrine_current,ATP 3-21.90 – Tactical Employment of Mortars,ATP 3-21.90,2019,2019-10-09,manifest,,,doctrine,https://armypubs.army.mil/epubs/DR_pubs/DR_a/ARN19389-ATP_3-21.90-000-WEB-1.pdf,row0229,2019 - ATP 3-21.90 Tactical Employment of Mortars.pdf,US Army doctrine (current)
doctrine_current:row0230,parsed,,306,b2a80b744f34d2184023228a2397c35d9f98fe78ade5ae091dc69f093a576fef,,doctrine_current,ATP 3-21.91 – Stryker Brigade Combat Team Weapons Troop,ATP 3-21.91,2017,2017-05-11,manifest,,,doctrine,https://armypubs.army.mil/epubs/DR_pubs/DR_a/pdf/web/ARN3238_ATP 3-21x91 FINAL WEB.pdf,row0230,2017 - ATP 3-21.91 Stryker Brigade Combat Team Weapons Troop.pdf,US Army doctrine (current)
doctrine_current:row0231,parsed,,108,0725b8983368e633cd8e2d9e34540e0d6f092e8bdb06ac1e42070ce210bc942a,,doctrine_current,"ATP 3-22.40 – Multi-Service Tactics, Techniques, and Procedures for the Employment of Nonlethal Weapons",ATP 3-22.40,2025,2025-04-07,manifest,,,doctrine,https://armypubs.army.mil/epubs/DR_pubs/DR_a/ARN43443-ATP_3-22.40-000-WEB-1.pdf,row0231,2025 - ATP 3-22.40 Multi-Service Tactics Techniques and Procedures for the Employment of Nonlethal Weapons.pdf,US Army doctrine (current)
doctrine_current:row0232,parsed,,448,768c2043858132f4c9cd42671f0466da2938faec825b8b4d50b139743dc78e68,,doctrine_current,ATP 3-24.2 – Techniques in Counterinsurgency,ATP 3-24.2,2025,2025-07-31,manifest,,,doctrine,https://armypubs.army.mil/epubs/DR_pubs/DR_a/ARN44464-ATP_3-24.2-000-WEB-1.pdf,row0232,2025 - ATP 3-24.2 Techniques in Counterinsurgency.pdf,US Army doctrine (current)
doctrine_current:row0233,parsed,,88,7821e38a4353f6ea8ed41a6b556864a3f00d7559cc8ec7e020eb485f3a03e169,,doctrine_current,ATP 3-27.3 – Ground-Based Midcourse Defense Operations,ATP 3-27.3,2025,2025-09-04,manifest,,,doctrine,https://armypubs.army.mil/epubs/DR_pubs/DR_a/ARN44859-ATP_3-27.3-000-WEB-1.pdf,row0233,2025 - ATP 3-27.3 Ground-Based Midcourse Defense Operations.pdf,US Army doctrine (current)
doctrine_current:row0235,parsed,,136,59d0979c4cf103f08fa9e6d5d5cd0c3318628b96ac420cc8694aa100e176469e,,doctrine_current,"ATP 3-28.1 – Multi-Service Tactics, Techniques, and Procedures for Defense Support of Civil Authorities (DSCA)",ATP 3-28.1,2021,2021-02-11,manifest,,,doctrine,https://armypubs.army.mil/epubs/DR_pubs/DR_a/ARN31467-ATP_3-28.1-000-WEB-1.pdf,row0235,2021 - ATP 3-28.1 Multi-Service Tactics Techniques and Procedures for Defense Support of Civil Authorities (DSCA).pdf,US Army doctrine (current)
doctrine_current:row0236,parsed,,160,26fb137f2bc283dcb5dc2d8463f391b2a5517030f71cc15c841ded23304cacd3,,doctrine_current,ATP 3-34.5 – Environmental Considerations,ATP 3-34.5,2015,2015-08-10,manifest,,,doctrine,https://armypubs.army.mil/epubs/DR_pubs/DR_a/ARN41831-ATP_3-34.5-002-WEB-3.pdf,row0236,2015 - ATP 3-34.5 Environmental Considerations.pdf,US Army doctrine (current)
doctrine_current:row0238,parsed,,138,9660f23a7c5c5cd09f602830b6d0179cfd42a7d7169f4d98f4985ed0517d361e,,doctrine_current,ATP 3-34.22 – Engineer Operations – Brigade Combat Team and Below,ATP 3-34.22,2021,2021-04-14,manifest,,,doctrine,https://armypubs.army.mil/epubs/DR_pubs/DR_a/ARN32097-ATP_3-34.22-000-WEB-1.pdf,row0238,2021 - ATP 3-34.22 Engineer Operations Brigade Combat Team and Below.pdf,US Army doctrine (current)
doctrine_current:row0239,parsed,,222,b691b3d33032deb5c067d0b8a6ed1b6adab571a8acd45177b9297b29df3526a4,,doctrine_current,ATP 3-34.40 – General Engineering,ATP 3-34.40,2023,2023-04-14,manifest,,,doctrine,https://armypubs.army.mil/epubs/DR_pubs/DR_a/ARN37985-ATP_3-34.40-000-WEB-1.pdf,row0239,2023 - ATP 3-34.40 General Engineering.pdf,US Army doctrine (current)
doctrine_current:row0240,parsed,,100,d18ca012a3387f8347d46e6e5d0a78bb8f8623da723a7eb76807cf7bb487c92b,,doctrine_current,ATP 3-34.45 – Electric Power Generation and Distribution,ATP 3-34.45,2024,2024-02-05,manifest,,,doctrine,https://armypubs.army.mil/epubs/DR_pubs/DR_a/ARN40205-ATP_3-34.45-000-WEB-1.pdf,row0240,2024 - ATP 3-34.45 Electric Power Generation and Distribution.pdf,US Army doctrine (current)
doctrine_current:row0241,parsed,,94,190a3dd88b1658032f5e93cb4bb5be3d40b04cabe07d21e59918af2d8eb3fe78,,doctrine_current,ATP 3-34.80 – Geospatial Engineering,ATP 3-34.80,2024,2024-03-26,manifest,,,doctrine,https://armypubs.army.mil/epubs/DR_pubs/DR_a/ARN40514-ATP_3-34.80-000-WEB-1.pdf,row0241,2024 - ATP 3-34.80 Geospatial Engineering.pdf,US Army doctrine (current)
doctrine_current:row0242,parsed,,166,0de0d58c95d913af7685ef6d4538d0575ff6bb153f9dae3fac2410005627c153,,doctrine_current,ATP 3-34.81 – Engineer Reconnaissance,ATP 3-34.81,2016,2016-03-01,manifest,,,doctrine,https://armypubs.army.mil/epubs/DR_pubs/DR_a/pdf/web/ATP 3-34x81 C1 INCL FINAL WEB.pdf,row0242,2016 - ATP 3-34.81 Engineer Reconnaissance.pdf,US Army doctrine (current)
doctrine_current:row0243,parsed,,96,0fa244af2688a4ac95c544295fef09e3c1f1a888549b33fc60da9e5b8652eaa4,,doctrine_current,"ATP 3-34.84 – Multi-Service Tactics, Techniques, and Procedures for Military Diving Operations",ATP 3-34.84,2023,2023-06-16,manifest,,,doctrine,https://armypubs.army.mil/epubs/DR_pubs/DR_a/ARN38557-ATP_3-34.84-000-WEB-1.pdf,row0243,2023 - ATP 3-34.84 Multi-Service Tactics Techniques and Procedures for Military Diving Operations.pdf,US Army doctrine (current)
doctrine_current:row0244,parsed,,154,f27a7703327c1ea6a6e10e076e11660cad5512fe7347145bb301b717d31d93e9,,doctrine_current,ATP 3-35 – Army Deployment and Redeployment,ATP 3-35,2023,2023-03-09,manifest,,,doctrine,https://armypubs.army.mil/epubs/DR_pubs/DR_a/ARN37655-ATP_3-35-000-WEB-1.pdf,row0244,2023 - ATP 3-35 Army Deployment and Redeployment.pdf,US Army doctrine (current)
doctrine_current:row0245,parsed,,60,6d8c6a55eaaf3220caa0bee929c335f5478e3b45a70886f8d3bcf269d7f833a2,,doctrine_current,ATP 3-35.1 – Army Pre-Positioned Operations,ATP 3-35.1,2022,2022-04-21,manifest,,,doctrine,https://armypubs.army.mil/epubs/DR_pubs/DR_a/ARN36912-ATP_3-35.1-001-WEB-2.pdf,row0245,2022 - ATP 3-35.1 Army Pre-Positioned Operations.pdf,US Army doctrine (current)
doctrine_current:row0246,parsed,,190,7d6f331872d3a353d43421d6bc8c9e75ce79fa81f18af8edd16c7099634e13cf,,doctrine_current,ATP 3-37.10 – Base Camps,ATP 3-37.10,2017,2017-01-27,manifest,,,doctrine,https://armypubs.army.mil/epubs/DR_pubs/DR_a/pdf/web/ATP 3-37x10 FINAL WEB.pdf,row0246,2017 - ATP 3-37.10 Base Camps.pdf,US Army doctrine (current)
doctrine_current:row0247,parsed,,102,a726abd0774775e5f4b4c2334ddc3c29ecf9d38fb423cdd2e0208df1d8d5e254,,doctrine_current,"ATP 3-37.11 – Chemical, Biological, Radiological, Nuclear and Explosives Command (CBRNE Command)",ATP 3-37.11,2018,2018-08-28,manifest,,,doctrine,https://armypubs.army.mil/epubs/DR_pubs/DR_a/pdf/web/ARN12082_ATP 3-37x11 FINAL WEB.pdf,row0247,2018 - ATP 3-37.11 Chemical Biological Radiological Nuclear and Explosives Command (CBRNE Command).pdf,US Army doctrine (current)
doctrine_current:row0248,parsed,,76,c995fc7077ae9bdcc61296294af75adc30048181a3a3c75c0b2d83d4a18a06d7,,doctrine_current,ATP 3-37.15 – Foreign Security Force Threats,ATP 3-37.15,2020,2020-01-30,manifest,,,doctrine,https://armypubs.army.mil/epubs/DR_pubs/DR_a/ARN43785-ATP_3-37.15-001-WEB-2.pdf,row0248,2020 - ATP 3-37.15 Foreign Security Force Threats.pdf,US Army doctrine (current)
doctrine_current:row0251,parsed,,298,668ab8b89db9469e0998047208507b8f346783f369c28b54a35988864ee09e0e,,doctrine_current,ATP 3-39.10 – Police Operations,ATP 3-39.10,2026,2026-07-24,manifest,,,doctrine,https://armypubs.army.mil/epubs/DR_pubs/DR_a/ARN47151-ATP_3-39.10-000-WEB-1.pdf,row0251,2026 - ATP 3-39.10 Police Operations.pdf,US Army doctrine (current)
doctrine_current:row0252,parsed,,476,52107598739caecc0920f591db74aa7518461ef923ba914baff9af28215d73a9,,doctrine_current,"ATP 3-39.12-1 – Law Enforcement Investigations, Volume I",ATP 3-39.12-1,2024,2024-04-12,manifest,,,doctrine,https://armypubs.army.mil/epubs/DR_pubs/DR_a/ARN43744-ATP_3-39.12-1-001-WEB-2.pdf,row0252,2024 - ATP 3-39.12-1 Law Enforcement Investigations Volume I.pdf,US Army doctrine (current)
doctrine_current:row0253,parsed,,226,9bd8fdf6a8474f64d2740d7cd3ed252b9db45d037474dada3d8145c05042c0d9,,doctrine_current,ATP 3-39.20 – Police Intelligence Operations,ATP 3-39.20,2019,2019-05-13,manifest,,,doctrine,https://armypubs.army.mil/epubs/DR_pubs/DR_a/pdf/web/ARN17040_ATP 3-39x20 FINAL WEB.pdf,row0253,2019 - ATP 3-39.20 Police Intelligence Operations.pdf,US Army doctrine (current)
doctrine_current:row0254,parsed,,216,ebddbb63704e63011ad525515600c5cc18ba261131434457b4f1f4c6df6de674,,doctrine_current,ATP 3-39.30 – Security and Mobility Support,ATP 3-39.30,2026,2026-03-25,manifest,,,doctrine,https://armypubs.army.mil/epubs/DR_pubs/DR_a/ARN46273-ATP_3-39.30-000-WEB-1.pdf,row0254,2026 - ATP 3-39.30 Security and Mobility Support.pdf,US Army doctrine (current)
doctrine_current:row0255,parsed,,164,ce1fc7159977f5ee459313a6e1339faf63f74e9053956aed12f9421676c10f5e,,doctrine_current,ATP 3-39.33 – Crowd Control,ATP 3-39.33,2022,2022-06-23,manifest,,,doctrine,https://armypubs.army.mil/epubs/DR_pubs/DR_a/ARN35675-ATP_3-39.33-000-WEB-1.pdf,row0255,2022 - ATP 3-39.33 Crowd Control.pdf,US Army doctrine (current)
doctrine_current:row0258,parsed,,228,440035273e6e2ddab5f6ba8b79a4b0d5c901f3804538998381b343092512a813,,doctrine_current,ATP 3-50.21 – Survival,ATP 3-50.21,2018,2018-09-18,manifest,,,doctrine,https://armypubs.army.mil/epubs/DR_pubs/DR_a/pdf/web/ARN12086_ATP 3-50x21 FINAL WEB 2.pdf,row0258,2018 - ATP 3-50.21 Survival.pdf,US Army doctrine (current)
doctrine_current:row0261,parsed,,108,8e94821cde3e2cc981e315d3e119ca3f8caa7325628063e1f40314090b8a5cec,,doctrine_current,"ATP 3-52.2 – Multi-Service Tactics, Techniques, and Procedures for the Theater Air-Ground System",ATP 3-52.2,2024,2024-08-22,manifest,,,doctrine,https://armypubs.army.mil/epubs/DR_pubs/DR_a/ARN41789-ATP_3-52.2-000-WEB-2.pdf,row0261,2024 - ATP 3-52.2 Multi-Service Tactics Techniques and Procedures for the Theater Air-Ground System.pdf,US Army doctrine (current)
doctrine_current:row0262,parsed,,124,1da1145cf9077eff7625da1dc092fa1f90d71e7f2eb46d753fad4b6f8db29bca,,doctrine_current,"ATP 3-52.4 – ACC Multi-Service Tactics, Techniques, and Procedures for Air Control Communication",ATP 3-52.4,2024,2024-10-09,manifest,,,doctrine,https://armypubs.army.mil/epubs/DR_pubs/DR_a/ARN44804-ATP_3-52.4-001-WEB-3.pdf,row0262,2024 - ATP 3-52.4 ACC Multi-Service Tactics Techniques and Procedures for Air Control Communication.pdf,US Army doctrine (current)
doctrine_current:row0263,parsed,,148,0740e058114779ea989c3b605293f904fdb1b292949dadb1343067b1f09beaa8,,doctrine_current,ATP 3-53 – The Psychological Operations Branch and Unit Activities,ATP 3-53,2026,2026-04-20,manifest,,,doctrine,https://armypubs.army.mil/epubs/DR_pubs/DR_a/ARN46327-ATP_3-53-000-WEB-1.pdf,row0263,2026 - ATP 3-53 The Psychological Operations Branch and Unit Activities.pdf,US Army doctrine (current)
doctrine_current:row0265,parsed,,88,26db3c6b4eedc9e6b484f8c1a79c9da782317b651fd8ed76c9c1055e5ed322fb,,doctrine_current,ATP 3-55.4 – Techniques for Information Collection during Operations among Populations,ATP 3-55.4,2016,2016-04-05,manifest,,,doctrine,https://armypubs.army.mil/epubs/DR_pubs/DR_a/ARN43768-ATP_3-55.4-001-WEB-3.pdf,row0265,2016 - ATP 3-55.4 Techniques for Information Collection during Operations among Populations.pdf,US Army doctrine (current)
doctrine_current:row0266,parsed,,112,0592e11485ff330f225cd9b4be881e7409834b89e89b7406c74591d97ffe3625,,doctrine_current,ATP 3-57.10 – Civil Affairs Support to Populace and Resources Control,ATP 3-57.10,2013,2013-08-06,manifest,,,doctrine,https://armypubs.army.mil/epubs/DR_pubs/DR_a/ARN44421-ATP_3-57.10-001-WEB-3.pdf,row0266,2013 - ATP 3-57.10 Civil Affairs Support to Populace and Resources Control.pdf,US Army doctrine (current)
doctrine_current:row0267,parsed,,88,67be1769841089ffc46b4b079c8661536141622309307b95b6a3604d3818bf01,,doctrine_current,ATP 3-57.20 – Multi-Service Techniques for Civil Affairs Support to Foreign Humanitarian Assistance,ATP 3-57.20,2013,2013-02-15,manifest,,,doctrine,https://armypubs.army.mil/epubs/DR_pubs/DR_a/pdf/web/atp3_57x20.pdf,row0267,2013 - ATP 3-57.20 Multi-Service Techniques for Civil Affairs Support to Foreign Humanitarian Assistance.pdf,US Army doctrine (current)
doctrine_current:row0268,parsed,,130,25521b5ecf5b701b4886288a4c8a81528a7948794e79f57647dd947bae31b731,,doctrine_current,ATP 3-57.30 – Civil Network Development and Engagement,ATP 3-57.30,2023,2023-02-06,manifest,,,doctrine,https://armypubs.army.mil/epubs/DR_pubs/DR_a/ARN44419-ATP_3-57.30-001-WEB-2.pdf,row0268,2023 - ATP 3-57.30 Civil Network Development and Engagement.pdf,US Army doctrine (current)
doctrine_current:row0269,parsed,,136,bfed394178f0052040b0e76126dd4855ded58459eaa1d6552ee80dc0c9d08d59,,doctrine_current,ATP 3-57.40 – Military Government Operations in Support of Transitional Governance,ATP 3-57.40,2025,2025-06-05,manifest,,,doctrine,https://armypubs.army.mil/epubs/DR_pubs/DR_a/ARN43918-ATP_3-57.40-000-WEB-1.pdf,row0269,2025 - ATP 3-57.40 Military Government Operations in Support of Transitional Governance.pdf,US Army doctrine (current)
doctrine_current:row0270,parsed,,138,8166d327ee0c981cd8f1d641f8d82fa02ef9ea29e258422277ce64876bd456d1,,doctrine_current,ATP 3-57.50 – Civil Knowledge Integration,ATP 3-57.50,2024,2024-10-16,manifest,,,doctrine,https://armypubs.army.mil/epubs/DR_pubs/DR_a/ARN42288-ATP_3-57.50-000-WEB-1.pdf,row0270,2024 - ATP 3-57.50 Civil Knowledge Integration.pdf,US Army doctrine (current)
doctrine_current:row0271,parsed,,178,2b01cdf904775c41357ed3a88bf6eaa387f8a2a49e346ade4b3087868af1117e,,doctrine_current,ATP 3-57.60 – Civil Affairs Planning,ATP 3-57.60,2024,2024-05-07,manifest,,,doctrine,https://armypubs.army.mil/epubs/DR_pubs/DR_a/ARN44407-ATP_3-57.60-001-WEB-2.pdf,row0271,2024 - ATP 3-57.60 Civil Affairs Planning.pdf,US Army doctrine (current)
doctrine_current:row0272,parsed,,76,5f18356008bf41a91cbd758d2ba1d7abbc537090ce55a5eafb42309af691e1db,,doctrine_current,ATP 3-57.70 – Civil-Military Operations Center,ATP 3-57.70,2014,2014-05-05,manifest,,,doctrine,https://armypubs.army.mil/epubs/DR_pubs/DR_a/pdf/web/atp3_57x70.pdf,row0272,2014 - ATP 3-57.70 Civil-Military Operations Center.pdf,US Army doctrine (current)
doctrine_current:row0276,parsed,,332,b89128fcb9e8955df61d4ad6fc77c985bce63c20bcc1bbdc35a57357422b98a6,,doctrine_current,ATP 3-90.1 – Armor and Mechanized Infantry Company Team,ATP 3-90.1,2023,2023-10-24,manifest,,,doctrine,https://armypubs.army.mil/epubs/DR_pubs/DR_a/ARN44795-ATP_3-90.1-001-WEB-3.pdf,row0276,2023 - ATP 3-90.1 Armor and Mechanized Infantry Company Team.pdf,US Army doctrine (current)
doctrine_current:row0277,parsed,,348,16aa087d6f5059d6870c0b704dac7e1ed1d8eb708d3b3e89e1ccbfc4b9af789f,,doctrine_current,ATP 3-90.5 – Combined Arms Battalion,ATP 3-90.5,2021,2021-07-15,manifest,,,doctrine,https://armypubs.army.mil/epubs/DR_pubs/DR_a/ARN32974-ATP_3-90.5-000-WEB-1.pdf,row0277,2021 - ATP 3-90.5 Combined Arms Battalion.pdf,US Army doctrine (current)
doctrine_current:row0278,parsed,,146,135e339a48a558f72261ded62a1af2c7c75b9b65c9cd0e328372a07126c32f82,,doctrine_current,ATP 3-90.15 – Site Exploitation,ATP 3-90.15,2015,2015-07-28,manifest,,,doctrine,https://armypubs.army.mil/epubs/DR_pubs/DR_a/ARN43798-ATP_3-90.15-001-WEB-3.pdf,row0278,2015 - ATP 3-90.15 Site Exploitation.pdf,US Army doctrine (current)
doctrine_current:row0279,parsed,,64,4afbef4f69e4a924d039ad154dd1a4b7f2292625e7df8adafce4a1fb92e44647,,doctrine_current,ATP 3-90.20 – Regional Support Group,ATP 3-90.20,2024,2024-09-13,manifest,,,doctrine,https://armypubs.army.mil/epubs/DR_pubs/DR_a/ARN42003-ATP_3-90.20-000-WEB-1.pdf,row0279,2024 - ATP 3-90.20 Regional Support Group.pdf,US Army doctrine (current)
doctrine_current:row0281,parsed,,292,91ed73226f5df18f11b7a37a4f9932063b62a95d3ce69386f7118952049de75a,,doctrine_current,ATP 3-90.96 – Arctic and Extreme Cold Weather Operations,ATP 3-90.96,2025,2025-02-24,manifest,,,doctrine,https://armypubs.army.mil/epubs/DR_pubs/DR_a/ARN46141-ATP_3-90.96-002-WEB-5.pdf,row0281,2025 - ATP 3-90.96 Arctic and Extreme Cold Weather Operations.pdf,US Army doctrine (current)
doctrine_current:row0282,parsed,,156,7de768af1255ea54615af20bd95ae178c5372a69aa50d4a108e035eb2bc718ae,,doctrine_current,ATP 3-90.97 – Mountain Warfare and Cold Weather Operations,ATP 3-90.97,2016,2016-04-29,manifest,,,doctrine,https://armypubs.army.mil/epubs/DR_pubs/DR_a/pdf/web/atp3_90x97.pdf,row0282,2016 - ATP 3-90.97 Mountain Warfare and Cold Weather Operations.pdf,US Army doctrine (current)
doctrine_current:row0283,parsed,,208,0d9d88b0235dae33a1305cbd3703727545489b909fff5578cb6c3545e6ed223f,,doctrine_current,ATP 3-90.98 – Jungle Operations,ATP 3-90.98,2020,2020-09-24,manifest,,,doctrine,https://armypubs.army.mil/epubs/DR_pubs/DR_a/ARN30806-ATP_3-90.98-000-WEB-1.pdf,row0283,2020 - ATP 3-90.98 Jungle Operations.pdf,US Army doctrine (current)
doctrine_current:row0284,parsed,,180,6254d4e7a590d364f5e15630c8701931184fd3a292a95c7e8089ee9256c484ee,,doctrine_current,ATP 3-90.99 – Desert Operations,ATP 3-90.99,2021,2021-04-07,manifest,,,doctrine,https://armypubs.army.mil/epubs/DR_pubs/DR_a/ARN44090-ATP_3-90.99-001-WEB-2.pdf,row0284,2021 - ATP 3-90.99 Desert Operations.pdf,US Army doctrine (current)
doctrine_current:row0285,parsed,,378,89a19416a8bda0514bd11c0b5147ef52682379371ed7fb6862db0897ed1a52e7,,doctrine_current,ATP 3-91 – Division Operations,ATP 3-91,2014,2014-10-17,manifest,,,doctrine,https://armypubs.army.mil/epubs/DR_pubs/DR_a/pdf/web/atp3_91.pdf,row0285,2014 - ATP 3-91 Division Operations.pdf,US Army doctrine (current)
doctrine_current:row0286,parsed,,82,81b7a30bd8701848eb4677c3d481f10942a6576ec8abfec693f9b60ed5c0f1b0,,doctrine_current,ATP 3-91.1 – The Joint Air Ground Integration Center,ATP 3-91.1,2019,2019-04-17,manifest,,,doctrine,https://armypubs.army.mil/epubs/DR_pubs/DR_a/pdf/web/ARN16449_ATP 3-91x1 FINAL WEB.pdf,row0286,2019 - ATP 3-91.1 The Joint Air Ground Integration Center.pdf,US Army doctrine (current)
doctrine_current:row0287,parsed,,216,7ad94bb0cc6db503d7f1c84af261a2dc3ad92d342791bff9459b46e1d0db0f27,,doctrine_current,ATP 3-92 – Corps Operations,ATP 3-92,2026,2026-01-15,manifest,,,doctrine,https://armypubs.army.mil/epubs/DR_pubs/DR_a/ARN45665-ATP_3-92-000-WEB-1.pdf,row0287,2026 - ATP 3-92 Corps Operations.pdf,US Army doctrine (current)
doctrine_current:row0288,parsed,,140,8d76a629dd257bceedf63c1a005e0adbcf5afcb1a924517d39dcf118edf7da2d,,doctrine_current,ATP 3-93 – Theater Army Operations,ATP 3-93,2021,2021-08-27,manifest,,,doctrine,https://armypubs.army.mil/epubs/DR_pubs/DR_a/ARN33322-ATP_3-93-000-WEB-1.pdf,row0288,2021 - ATP 3-93 Theater Army Operations.pdf,US Army doctrine (current)
doctrine_current:row0289,parsed,,64,8d5be7b77890cdeb8f05a0d3f8ad3b827e97677b62494b16f47e03d3eef35b22,,doctrine_current,ATP 3-94.1 – Theater Liaison Detachment,ATP 3-94.1,2025,2025-03-21,manifest,,,doctrine,https://armypubs.army.mil/epubs/DR_pubs/DR_a/ARN43324-ATP_3-94.1-000-WEB-1.pdf,row0289,2025 - ATP 3-94.1 Theater Liaison Detachment.pdf,US Army doctrine (current)
doctrine_current:row0290,parsed,,72,abd1bd3bcbf75c0cafe77ede55615cc65f85fbefeba48c05c40896fe93d739c8,,doctrine_current,ATP 3-94.2 – Deep Operations,ATP 3-94.2,2016,2016-09-01,manifest,,,doctrine,https://armypubs.army.mil/epubs/DR_pubs/DR_a/pdf/web/ATP 3-94x2 FINAL WEB.pdf,row0290,2016 - ATP 3-94.2 Deep Operations.pdf,US Army doctrine (current)
doctrine_current:row0291,parsed,,84,2ef5f558dd1327ba51afe8a74415fc4b445a94695b1995566972d3ac477ade72,,doctrine_current,ATP 3-94.4 – Reconstitution Operations,ATP 3-94.4,2021,2021-05-05,manifest,,,doctrine,https://armypubs.army.mil/epubs/DR_pubs/DR_a/ARN32296-ATP_3-94.4-000-WEB-1.pdf,row0291,2021 - ATP 3-94.4 Reconstitution Operations.pdf,US Army doctrine (current)
doctrine_current:row0292,parsed,,244,669ce27f346af73e39936a9dd0715f3a570bf23cb57f57099b6025cb64cacde4,,doctrine_current,ATP 3-96.1 – Security Force Assistance Brigade,ATP 3-96.1,2025,2025-06-11,manifest,,,doctrine,https://armypubs.army.mil/epubs/DR_pubs/DR_a/ARN44003-ATP_3-96.1-000-WEB-1.pdf,row0292,2025 - ATP 3-96.1 Security Force Assistance Brigade.pdf,US Army doctrine (current)
doctrine_current:row0293,parsed,,80,252679182e48528f27877fbb759d85b142c09e2e8f6af0f4595c6c0394f02fad,,doctrine_current,ATP 4-0.6 – Sustainment Automation Support Management Office Operations,ATP 4-0.6,2024,2024-01-17,manifest,,,doctrine,https://armypubs.army.mil/epubs/DR_pubs/DR_a/ARN45170-ATP_4-0.6-001-WEB-2.pdf,row0293,2024 - ATP 4-0.6 Sustainment Automation Support Management Office Operations.pdf,US Army doctrine (current)
doctrine_current:row0294,parsed,,128,63cac5a2526520dbbbd7f5ed1805bfe6d8339e496cd478e11753528e3fa7b570,,doctrine_current,ATP 4-02.1 – Army Medical Logistics,ATP 4-02.1,2015,2015-10-29,manifest,,,doctrine,https://armypubs.army.mil/epubs/DR_pubs/DR_a/pdf/web/atp4_02x1.pdf,row0294,2015 - ATP 4-02.1 Army Medical Logistics.pdf,US Army doctrine (current)
doctrine_current:row0295,parsed,,124,34b277bdbc0ecbb731e77288b602a2e2765924ff4ebb507ce5b4903d4a93b009,,doctrine_current,ATP 4-02.2 – Medical Evacuation,ATP 4-02.2,2019,2019-07-12,manifest,,,doctrine,https://armypubs.army.mil/epubs/DR_pubs/DR_a/pdf/web/ARN17834_ATP 4-02x2 FINAL WEB.pdf,row0295,2019 - ATP 4-02.2 Medical Evacuation.pdf,US Army doctrine (current)
doctrine_current:row0296,parsed,,488,d4f1be0dd591c604b0500c16b8908bfcb262ab779ad283c04edaa4b7e16359e4,,doctrine_current,ATP 4-02.4 – Medical Platoon,ATP 4-02.4,2021,2021-05-12,manifest,,,doctrine,https://armypubs.army.mil/epubs/DR_pubs/DR_a/ARN32336-ATP_4-02.4-000-WEB-1.pdf,row0296,2021 - ATP 4-02.4 Medical Platoon.pdf,US Army doctrine (current)
doctrine_current:row0297,parsed,,72,474d8b0089a8b1810cfe534f1dfa51ed81c7c4d34647c14fdbe1d620b8a1c4d9,,doctrine_current,ATP 4-02.5 – Casualty Care,ATP 4-02.5,2013,2013-05-10,manifest,,,doctrine,https://armypubs.army.mil/epubs/DR_pubs/DR_a/ARN30121-ATP_4-02.5-001-WEB-3.pdf,row0297,2013 - ATP 4-02.5 Casualty Care.pdf,US Army doctrine (current)
doctrine_current:row0298,parsed,,274,51311b2618dfac77ff682eef2564f4d1a179b209c3920589060c8cd4d40fa664,,doctrine_current,ATP 4-02.6 – The Medical Company (Role 2),ATP 4-02.6,2022,2022-11-08,manifest,,,doctrine,https://armypubs.army.mil/epubs/DR_pubs/DR_a/ARN44578-ATP_4-02.6-001-WEB-2.pdf,row0298,2022 - ATP 4-02.6 The Medical Company (Role 2).pdf,US Army doctrine (current)
doctrine_current:row0299,parsed,,280,8822f4cd4e4fbd334f170fdc921a94abbf1e85cce17fb96cce87fcf23b30941b,,doctrine_current,"ATP 4-02.7 – Multi-Service Tactics, Techniques, and Procedures for Health Service Support in a Chemical, Biological, Radiological, and Nuclear Environment",ATP 4-02.7,2016,2016-03-15,manifest,,,doctrine,https://armypubs.army.mil/epubs/DR_pubs/DR_a/pdf/web/atp4_02x7.pdf,row0299,2016 - ATP 4-02.7 Multi-Service Tactics Techniques and Procedures for Health Service Support in a Chemical Biological Radiol.pdf,US Army doctrine (current)
doctrine_current:row0300,parsed,,132,2f6fc040aa483caa2469daa5175ebb42c679c01c04526a4bfa683dacea6f6cac,,doctrine_current,ATP 4-02.8 – Force Health Protection,ATP 4-02.8,2016,2016-03-09,manifest,,,doctrine,https://armypubs.army.mil/epubs/DR_pubs/DR_a/ARN44589-ATP_4-02.8-002-WEB-4.pdf,row0300,2016 - ATP 4-02.8 Force Health Protection.pdf,US Army doctrine (current)
doctrine_current:row0301,parsed,,258,3c85860361a04368da8a4841f34ef8d7433cf2f27c47a92655deb2b473778ced,,doctrine_current,ATP 4-02.10 – Army Hospitalization (Role 3),ATP 4-02.10,2025,2025-08-14,manifest,,,doctrine,https://armypubs.army.mil/epubs/DR_pubs/DR_a/ARN44593-ATP_4-02.10-000-WEB-2.pdf,row0301,2025 - ATP 4-02.10 Army Hospitalization (Role 3).pdf,US Army doctrine (current)
doctrine_current:row0302,parsed,,254,a4a0650f5bb14c1c7163b9b1e9f08bcc012fb3fe49ea4432f0ccaffb9af86542,,doctrine_current,"ATP 4-02.11 – Army Techniques Publication for Casualty Response, Tactical Combat Casualty Care, and First Aid",ATP 4-02.11,2026,2026-03-23,manifest,,,doctrine,https://armypubs.army.mil/epubs/DR_pubs/DR_a/ARN46159-ATP_4-02.11-000-WEB-1.pdf,row0302,2026 - ATP 4-02.11 Army Techniques Publication for Casualty Response Tactical Combat Casualty Care and First Aid.pdf,US Army doctrine (current)
doctrine_current:row0303,parsed,,136,22f99713990e4449de15d4b44560ebe304f208b4da57edeee5c04fa115937a5c,,doctrine_current,ATP 4-02.13 – Casualty Evacuation,ATP 4-02.13,2021,2021-06-30,manifest,,,doctrine,https://armypubs.army.mil/epubs/DR_pubs/DR_a/ARN32888-ATP_4-02.13-000-WEB-1.pdf,row0303,2021 - ATP 4-02.13 Casualty Evacuation.pdf,US Army doctrine (current)
doctrine_current:row0304,parsed,,112,b8ac8ea245c485cfde396efbe618cecde3f3924044b39cc5ac0f0ad667686ba4,,doctrine_current,ATP 4-02.19 – Dental Services,ATP 4-02.19,2026,2026-07-31,manifest,,,doctrine,https://armypubs.army.mil/epubs/DR_pubs/DR_a/ARN47228-ATP_4-02.19-000-WEB-1.pdf,row0304,2026 - ATP 4-02.19 Dental Services.pdf,US Army doctrine (current)
doctrine_current:row0305,parsed,,46,90d5c2d15ee85aded29c6f453cfcdb993c134a42bf9267eef6aa7bc758d9c42a,,doctrine_current,"ATP 4-02.25 – The Medical Detachment, Forward Resuscitative and Surgical",ATP 4-02.25,2020,2020-12-07,manifest,,,doctrine,https://armypubs.army.mil/epubs/DR_pubs/DR_a/ARN37250-ATP_4-02.25-001-WEB-2.pdf,row0305,2020 - ATP 4-02.25 The Medical Detachment Forward Resuscitative and Surgical.pdf,US Army doctrine (current)
doctrine_current:row0306,parsed,,156,5be27ea39d24d18ceffda98c121979579be9089453e5a69145a74cc84511a71c,,doctrine_current,ATP 4-02.42 – Army Health System Support to Stability and Defense Support of Civil Authorities Tasks,ATP 4-02.42,2014,2014-06-09,manifest,,,doctrine,https://armypubs.army.mil/epubs/DR_pubs/DR_a/pdf/web/atp4_02x42.pdf,row0306,2014 - ATP 4-02.42 Army Health System Support to Stability and Defense Support of Civil Authorities Tasks.pdf,US Army doctrine (current)
doctrine_current:row0307,parsed,,80,a2a4186ab2f12030a7f6f88bcf55dc43173d88bd7db94c6cf12ebb6ce1113ebb,,doctrine_current,ATP 4-02.43 – Army Health System Support to Army Special Operations Forces,ATP 4-02.43,2023,2023-08-14,manifest,,,doctrine,https://armypubs.army.mil/epubs/DR_pubs/DR_a/ARN39001-ATP_4-02.43-000-WEB-1.pdf,row0307,2023 - ATP 4-02.43 Army Health System Support to Army Special Operations Forces.pdf,US Army doctrine (current)
doctrine_current:row0309,parsed,,150,bf98d4efe37dd9444ef405479ab999ff885ab435e71447ee6be02d10cee1ecae,,doctrine_current,ATP 4-02.55 – Army Health System Support Planning,ATP 4-02.55,2020,2020-03-30,manifest,,,doctrine,https://armypubs.army.mil/epubs/DR_pubs/DR_a/ARN44588-ATP_4-02.55-001-WEB-2.pdf,row0309,2020 - ATP 4-02.55 Army Health System Support Planning.pdf,US Army doctrine (current)
doctrine_current:row0310,parsed,,1,716f89e7dad1485f5f8b606972adf235eb2e8094d876a97d57e4d51404476895,,doctrine_current,ATP 4-02.82 – Occupational and Environmental Health Site Assessment,ATP 4-02.82,2023,2023-01-01,manifest,,,doctrine,https://armypubs.army.mil/epubs/DR_pubs/DR_a/ARN39402-ATP_4-02.82-000-WEB-1.pdf,row0310,2023 - ATP 4-02.82 Occupational and Environmental Health Site Assessment.pdf,US Army doctrine (current)
doctrine_current:row0311,parsed,,142,2e7c1ed711a7fc6a372e8992fc3852a10335d693aeadf3e0fd6324d9f3d3b2fc,,doctrine_current,"ATP 4-02.83 – Multi-Service Tactics, Techniques, and Procedures for Treatment of Nuclear and Radiological Casualties",ATP 4-02.83,2014,2014-05-05,manifest,,,doctrine,https://armypubs.army.mil/epubs/DR_pubs/DR_a/pdf/web/atp4_02x83.pdf,row0311,2014 - ATP 4-02.83 Multi-Service Tactics Techniques and Procedures for Treatment of Nuclear and Radiological Casualties.pdf,US Army doctrine (current)
doctrine_current:row0312,parsed,,154,d57cb7e222c1617a9ae4a80bd069d5d2918bdf36d33053d4970b2cc9bf89258c,,doctrine_current,"ATP 4-02.84 – Multi-Service Tactics, Techniques, and Procedures for Treatment of Biological Warfare Agent Casualties",ATP 4-02.84,2019,2019-11-21,manifest,,,doctrine,https://armypubs.army.mil/epubs/DR_pubs/DR_a/pdf/web/ARN19960_ATP 4-02x84 FINAL WEB.pdf,row0312,2019 - ATP 4-02.84 Multi-Service Tactics Techniques and Procedures for Treatment of Biological Warfare Agent Casualties.pdf,US Army doctrine (current)
doctrine_current:row0313,parsed,,182,00d81daaea2b8fb363c26addd08e23b80041bbb2ecf2c6f8dcb5e64bef18af37,,doctrine_current,"ATP 4-02.85 – Multi-Service Tactics, Techniques, and Procedures for Treatment of Chemical Warfare Agent Casualties and Conventional Military Chemical Injuries",ATP 4-02.85,2016,2016-08-02,manifest,,,doctrine,https://armypubs.army.mil/epubs/DR_pubs/DR_a/ARN16674-ATP_4-02.85-001-WEB-3.pdf,row0313,2016 - ATP 4-02.85 Multi-Service Tactics Techniques and Procedures for Treatment of Chemical Warfare Agent Casualties and Co.pdf,US Army doctrine (current)
doctrine_current:row0314,parsed,,108,cff521e1b63230c341e5ac59a953174f66e695e0e7b5a593f72fb326bbc6218f,,doctrine_current,"ATP 4-10 – Multi-Service Tactics, Techniques, and Procedures for Operational Contract Support",ATP 4-10,2025,2025-12-02,manifest,,,doctrine,https://armypubs.army.mil/epubs/DR_pubs/DR_a/ARN47183-ATP_4-10-001-WEB-2.pdf,row0314,2025 - ATP 4-10 Multi-Service Tactics Techniques and Procedures for Operational Contract Support.pdf,US Army doctrine (current)
doctrine_current:row0315,parsed,,68,4889b19e06f7fe0937c039563b03a9c8f48c33e2f49bc78689a30d85a6fc4ec9,,doctrine_current,ATP 4-10.1 – Logistics Civil Augmentation Program Support to Operations,ATP 4-10.1,2023,2023-11-28,manifest,,,doctrine,https://armypubs.army.mil/epubs/DR_pubs/DR_a/ARN45182-ATP_4-10.1-001-WEB-2.pdf,row0315,2023 - ATP 4-10.1 Logistics Civil Augmentation Program Support to Operations.pdf,US Army doctrine (current)
doctrine_current:row0316,parsed,,106,4fe10da4f8e651755903ace894384c1cdeca22fc99661e29c037a842efc2611d,,doctrine_current,ATP 4-11 – Army Motor Transport Operations,ATP 4-11,2026,2026-03-16,manifest,,,doctrine,https://armypubs.army.mil/epubs/DR_pubs/DR_a/ARN46109-ATP_4-11-000-WEB-1.pdf,row0316,2026 - ATP 4-11 Army Motor Transport Operations.pdf,US Army doctrine (current)
doctrine_current:row0317,parsed,,42,697b7ed5f5da0fafb374470c83791e0f609a4ed179138b21152258e378cbca83,,doctrine_current,ATP 4-12 – Army Container Operations,ATP 4-12,2021,2021-02-12,manifest,,,doctrine,https://armypubs.army.mil/epubs/DR_pubs/DR_a/ARN31660-ATP_4-12-000-WEB-1.pdf,row0317,2021 - ATP 4-12 Army Container Operations.pdf,US Army doctrine (current)
doctrine_current:row0318,parsed,,100,63d8277d8888351a5e6484ab40dee7bb08555463c80e25adcf3183b161e33478,,doctrine_current,ATP 4-13 – Army Expeditionary Intermodal Operations,ATP 4-13,2023,2023-06-21,manifest,,,doctrine,https://armypubs.army.mil/epubs/DR_pubs/DR_a/ARN38562-ATP_4-13-000-WEB-1.pdf,row0318,2023 - ATP 4-13 Army Expeditionary Intermodal Operations.pdf,US Army doctrine (current)
doctrine_current:row0319,parsed,,204,48b4b64542f099dfa5c11a18ccceda845c73080e9d9da99b9fc26c60580ef5d6,,doctrine_current,ATP 4-14 – Expeditionary Railway Center Operations,ATP 4-14,2022,2022-06-22,manifest,,,doctrine,https://armypubs.army.mil/epubs/DR_pubs/DR_a/ARN35676-ATP_4-14-000-WEB-1.pdf,row0319,2022 - ATP 4-14 Expeditionary Railway Center Operations.pdf,US Army doctrine (current)
doctrine_current:row0320,parsed,,118,fd13819b4ef13c4612adae071900181eb4fa694c3fd4b6d693945c5410af55c9,,doctrine_current,ATP 4-15 – Army Watercraft Operations,ATP 4-15,2015,2015-04-03,manifest,,,doctrine,https://armypubs.army.mil/epubs/DR_pubs/DR_a/pdf/web/atp4_15.pdf,row0320,2015 - ATP 4-15 Army Watercraft Operations.pdf,US Army doctrine (current)
doctrine_current:row0321,parsed,,110,8a4bec3b6c2e62d324842eac9e32a47b934039a4f6a7bc83edd4297cc6c9732d,,doctrine_current,ATP 4-16 – Movement Control,ATP 4-16,2022,2022-04-25,manifest,,,doctrine,https://armypubs.army.mil/epubs/DR_pubs/DR_a/ARN35225-ATP_4-16-000-WEB-1.pdf,row0321,2022 - ATP 4-16 Movement Control.pdf,US Army doctrine (current)
doctrine_current:row0322,parsed,,174,2f51ec9f16984bd9a780cf14abd4d304d3e7f220f1f8e2a148eb360dff0b3f04,,doctrine_current,ATP 4-25.12 – Unit Field Sanitation Teams,ATP 4-25.12,2014,2014-04-30,manifest,,,doctrine,https://armypubs.army.mil/epubs/DR_pubs/DR_a/ARN44577-ATP_4-25.12-002-WEB-3.pdf,row0322,2014 - ATP 4-25.12 Unit Field Sanitation Teams.pdf,US Army doctrine (current)
doctrine_current:row0323,parsed,,138,0a8e77b0ab869b5059bb0ffcf814ad269a79916784e016366265eee5afb990ed,,doctrine_current,"ATP 4-31 – Ground Equipment Battle Damage Assessment, Repair, and Recovery",ATP 4-31,2025,2025-04-01,manifest,,,doctrine,https://armypubs.army.mil/epubs/DR_pubs/DR_a/ARN45184-ATP_4-31-001-WEB-2.pdf,row0323,2025 - ATP 4-31 Ground Equipment Battle Damage Assessment Repair and Recovery.pdf,US Army doctrine (current)
doctrine_current:row0324,parsed,,56,c19c871c8fafd76b6c24ba2112bc4d4fa2714d8b6d1a3feded98778ce9733b1a,,doctrine_current,ATP 4-32.1 – Explosive Ordnance Disposal (EOD) Group and Battalion Headquarters Operations,ATP 4-32.1,2017,2017-01-24,manifest,,,doctrine,https://armypubs.army.mil/epubs/DR_pubs/DR_a/ARN3239-ATP_4-32.1-001-WEB-2.pdf,row0324,2017 - ATP 4-32.1 Explosive Ordnance Disposal (EOD) Group and Battalion Headquarters Operations.pdf,US Army doctrine (current)
doctrine_current:row0325,parsed,,86,450f8b4b1cd04fef870eea355b80a5c05aa01b4c063d3aed6bd65fdffe1920a7,,doctrine_current,"ATP 4-32.2 – Multi-Service Tactics, Techniques, and Procedures for Explosive Ordnance (EO)",ATP 4-32.2,2024,2024-03-01,manifest,,,doctrine,https://armypubs.army.mil/epubs/DR_pubs/DR_a/ARN44807-ATP_4-32.2-001-WEB-3.pdf,row0325,2024 - ATP 4-32.2 Multi-Service Tactics Techniques and Procedures for Explosive Ordnance (EO).pdf,US Army doctrine (current)
doctrine_current:row0326,parsed,,80,e9fb1dcca04e966449248f3e9e2984890e61bb97b31bdcc5550c066454104a56,,doctrine_current,"ATP 4-32.3 – Explosive Ordnance Disposal (EOD) Company, Platoon, and Team Operations",ATP 4-32.3,2017,2017-02-01,manifest,,,doctrine,https://armypubs.army.mil/epubs/DR_pubs/DR_a/ARN3183-ATP_4-32.3-001-WEB-1.pdf,row0326,2017 - ATP 4-32.3 Explosive Ordnance Disposal (EOD) Company Platoon and Team Operations.pdf,US Army doctrine (current)
doctrine_current:row0327,parsed,,154,cbfe05827afb5ccd97d3e2afba377f55f43add74696e6cf557e5059a9ebae77b,,doctrine_current,ATP 4-33 – Maintenance Operations,ATP 4-33,2024,2024-01-09,manifest,,,doctrine,https://armypubs.army.mil/epubs/DR_pubs/DR_a/ARN44809-ATP_4-33-001-WEB-2.pdf,row0327,2024 - ATP 4-33 Maintenance Operations.pdf,US Army doctrine (current)
doctrine_current:row0328,parsed,,118,5468ffb0e27ceb1d4e207d68ac1b6d0435e81491b3f0ffa0eba5bdfea6293fab,,doctrine_current,ATP 4-35 – Munitions Operations,ATP 4-35,2023,2023-01-31,manifest,,,doctrine,https://armypubs.army.mil/epubs/DR_pubs/DR_a/ARN37303-ATP_4-35-000-WEB-1.pdf,row0328,2023 - ATP 4-35 Munitions Operations.pdf,US Army doctrine (current)
doctrine_current:row0329,parsed,,86,9186dcc906e59abd57667c9079a6b0285da856c30fb9c0d8c768a41da33f9fd9,,doctrine_current,ATP 4-35.1 – Ammunition and Explosives Handler Safety Techniques,ATP 4-35.1,2026,2026-07-24,manifest,,,doctrine,https://armypubs.army.mil/epubs/DR_pubs/DR_a/ARN47130-ATP_4-35.1-000-WEB-1.pdf,row0329,2026 - ATP 4-35.1 Ammunition and Explosives Handler Safety Techniques.pdf,US Army doctrine (current)
doctrine_current:row0330,parsed,,160,0870b06c30e48aaf6b75fd5df46e1e20c0ca657be96d3abe3cb13a39c75547bd,,doctrine_current,ATP 4-41 – Army Field Feeding and Class I Operations,ATP 4-41,2015,2015-12-31,manifest,,,doctrine,https://armypubs.army.mil/epubs/DR_pubs/DR_a/ARN43434-ATP_4-41-001-WEB-3.pdf,row0330,2015 - ATP 4-41 Army Field Feeding and Class I Operations.pdf,US Army doctrine (current)
doctrine_current:row0331,parsed,,292,36d435c9d89ac6f13330376988b7a8458a655672e61b33b8e60d40e538ebc1cd,,doctrine_current,"ATP 4-42 – Materiel Management, Supply, and Field Services Operations",ATP 4-42,2020,2020-11-02,manifest,,,doctrine,https://armypubs.army.mil/epubs/DR_pubs/DR_a/ARN31092-ATP_4-42-000-WEB-1.pdf,row0331,2020 - ATP 4-42 Materiel Management Supply and Field Services Operations.pdf,US Army doctrine (current)
doctrine_current:row0332,parsed,,46,91bb92264ca61d048058daafceb1411c97eb1c77dac4999ce689f7da978180ab,,doctrine_current,ATP 4-42.2 – Supply Support Activity Operations,ATP 4-42.2,2024,2024-09-18,manifest,,,doctrine,https://armypubs.army.mil/epubs/DR_pubs/DR_a/ARN45737-ATP_4-42.2-001-WEB-2.pdf,row0332,2024 - ATP 4-42.2 Supply Support Activity Operations.pdf,US Army doctrine (current)
doctrine_current:row0333,parsed,,352,b7926bdb94c40d0b877180700f1b4bf9e2c177238d87e6466f7fecb5deb154a2,,doctrine_current,ATP 4-43 – Petroleum Supply Operations,ATP 4-43,2022,2022-04-18,manifest,,,doctrine,https://armypubs.army.mil/epubs/DR_pubs/DR_a/ARN35092-ATP_4-43-000-WEB-1.pdf,row0333,2022 - ATP 4-43 Petroleum Supply Operations.pdf,US Army doctrine (current)
doctrine_current:row0334,parsed,,152,d1aa6115bdc3f98e5b4e1afb111d2f6b688b64d63f2f8d4c4c551a8d32dbbd23,,doctrine_current,ATP 4-44 – Water Support Operations,ATP 4-44,2026,2026-07-08,manifest,,,doctrine,https://armypubs.army.mil/epubs/DR_pubs/DR_a/ARN47037-ATP_4-44-001-WEB-1.pdf,row0334,2026 - ATP 4-44 Water Support Operations.pdf,US Army doctrine (current)
doctrine_current:row0335,parsed,,240,77418b657a7bd71e8bf65a423ad9c3e3a31c74416074260bff8ac4fd4e317f43,,doctrine_current,"ATP 4-46 – Multi-Service Tactics, Techniques, and Procedures for Mortuary Affairs in Theaters of Operations",ATP 4-46,2022,2022-08-03,manifest,,,doctrine,https://armypubs.army.mil/epubs/DR_pubs/DR_a/ARN35921-ATP_4-46-000-WEB-1.pdf,row0335,2022 - ATP 4-46 Multi-Service Tactics Techniques and Procedures for Mortuary Affairs in Theaters of Operations.pdf,US Army doctrine (current)
doctrine_current:row0336,parsed,,102,31a8cacd89d378990ec836221b8ba80d68895aab3014b78ec42b99a5aed62b2a,,doctrine_current,ATP 4-48 – Aerial Delivery,ATP 4-48,2023,2023-08-28,manifest,,,doctrine,https://armypubs.army.mil/epubs/DR_pubs/DR_a/ARN39062-ATP_4-48-000-WEB-1.pdf,row0336,2023 - ATP 4-48 Aerial Delivery.pdf,US Army doctrine (current)
doctrine_current:row0337,parsed,,30,ca72a3e2ce4c27cf99d5c2e30dc47e156eff56036ffda66cb000ec1e56bca087,,doctrine_current,"ATP 4-70 – Assistant Secretary of the Army for Acquisition, Logistics, and Technology Forward Support to Team Operations",ATP 4-70,2025,2025-04-04,manifest,,,doctrine,https://armypubs.army.mil/epubs/DR_pubs/DR_a/ARN43461-ATP_4-70-000-WEB-1.pdf,row0337,2025 - ATP 4-70 Assistant Secretary of the Army for Acquisition Logistics and Technology Forward Support to Team Operations.pdf,US Army doctrine (current)
doctrine_current:row0338,parsed,,88,34c58b73cb2a9ac002e8b9b5b7a873088d9e041a9efafbde098c3f72400d3244,,doctrine_current,ATP 4-71 – Contracting Support Brigade,ATP 4-71,2024,2024-10-03,manifest,,,doctrine,https://armypubs.army.mil/epubs/DR_pubs/DR_a/ARN42225-ATP_4-71-000-WEB-1.pdf,row0338,2024 - ATP 4-71 Contracting Support Brigade.pdf,US Army doctrine (current)
doctrine_current:row0339,parsed,,82,3fbbe6db3b0e488c4bff62113491d2a6f7a87f46a0e641e04ad0301fecc2ba50,,doctrine_current,ATP 4-90 – Brigade Support Battalion,ATP 4-90,2026,2026-01-26,manifest,,,doctrine,https://armypubs.army.mil/epubs/DR_pubs/DR_a/ARN45712-ATP_4-90-000-WEB-1.pdf,row0339,2026 - ATP 4-90 Brigade Support Battalion.pdf,US Army doctrine (current)
doctrine_current:row0340,parsed,,130,37b14f49c96f44bdcef7dc217af1a89b3503f124092d2057fec6353518c20a0a,,doctrine_current,ATP 4-90.5 – Logistics Platoon Leader,ATP 4-90.5,2021,2021-11-02,manifest,,,doctrine,https://armypubs.army.mil/epubs/DR_pubs/DR_a/ARN34147-ATP_4-90.5-000-WEB-1.pdf,row0340,2021 - ATP 4-90.5 Logistics Platoon Leader.pdf,US Army doctrine (current)
doctrine_current:row0341,parsed,,202,5674ddb94b5cfa91a698f78e92d53cec307dccad3d405c2022a58ff2cc7f418f,,doctrine_current,ATP 4-91 – Division Sustainment Operations,ATP 4-91,2022,2022-11-08,manifest,,,doctrine,https://armypubs.army.mil/epubs/DR_pubs/DR_a/ARN39820-ATP_4-91-001-WEB-3.pdf,row0341,2022 - ATP 4-91 Division Sustainment Operations.pdf,US Army doctrine (current)
doctrine_current:row0342,parsed,,216,90abeabe863ec137f8d6f13698972dd0490200f501e878d81e66c90ee48aa92c,,doctrine_current,ATP 4-92 – Field Army and Corps Sustainment Operations,ATP 4-92,2023,2023-03-14,manifest,,,doctrine,https://armypubs.army.mil/epubs/DR_pubs/DR_a/ARN37723-ATP_4-92-000-WEB-1.pdf,row0342,2023 - ATP 4-92 Field Army and Corps Sustainment Operations.pdf,US Army doctrine (current)
doctrine_current:row0343,parsed,,168,f81525bc16a6eeea5aa19e1e9f38fc4527169de5601d7e4f956adefcd5d42a44,,doctrine_current,ATP 4-93 – Theater Sustainment Operations,ATP 4-93,2023,2023-05-01,manifest,,,doctrine,https://armypubs.army.mil/epubs/DR_pubs/DR_a/ARN38149-ATP_4-93-000-WEB-1.pdf,row0343,2023 - ATP 4-93 Theater Sustainment Operations.pdf,US Army doctrine (current)
doctrine_current:row0344,parsed,,88,e1db6a145dd4440806214fbd7937dac09a09b4d18231a437beb5adae9265e2d8,,doctrine_current,ATP 4-93.1 – Combat Sustainment Support Battalion,ATP 4-93.1,2017,2017-06-19,manifest,,,doctrine,https://armypubs.army.mil/epubs/DR_pubs/DR_a/pdf/web/ARN3697_ATP 4-93x1 FINAL WEB.pdf,row0344,2017 - ATP 4-93.1 Combat Sustainment Support Battalion.pdf,US Army doctrine (current)
doctrine_current:row0345,parsed,,48,3764827f351113ce4694edfcf8a60bc8c938e81594fe537b6d543de794374515,,doctrine_current,ATP 4-98 – Army Sustainment Command Operations,ATP 4-98,2025,2025-01-06,manifest,,,doctrine,https://armypubs.army.mil/epubs/DR_pubs/DR_a/ARN42686-ATP_4-98-000-WEB-1.pdf,row0345,2025 - ATP 4-98 Army Sustainment Command Operations.pdf,US Army doctrine (current)
doctrine_current:row0346,parsed,,84,686ba98f8e4b55d8855d21100135e2cafa7ca959835fe64fbd453422d97107c1,,doctrine_current,ATP 5-0.1 – Army Design Methodology,ATP 5-0.1,2015,2015-07-01,manifest,,,doctrine,https://armypubs.army.mil/epubs/DR_pubs/DR_a/ARN45023-ATP_5-0.1-001-WEB-3.pdf,row0346,2015 - ATP 5-0.1 Army Design Methodology.pdf,US Army doctrine (current)
doctrine_current:row0347,parsed,,440,05de8706e1e6e40ef867b0b3af072ce88f36eecbef87149a06c8d739c3563594,,doctrine_current,"ATP 5-0.2-1 – Staff Reference Guide Volume I, Unclassified Resources",ATP 5-0.2-1,2020,2020-12-07,manifest,,,doctrine,https://armypubs.army.mil/epubs/DR_pubs/DR_a/ARN34870-ATP_5-0.2-1-000-WEB-1.pdf,row0347,2020 - ATP 5-0.2-1 Staff Reference Guide Volume I Unclassified Resources.pdf,US Army doctrine (current)
doctrine_current:row0349,parsed,,132,a3e6c4357b509b2146d1dbb5b928298331120f59307085581c0b4c9aee731a52,,doctrine_current,"ATP 5-0.3 – Multi-Service Tactics, Techniques, and Procedures for Operation Assessment",ATP 5-0.3,2020,2020-02-07,manifest,,,doctrine,https://armypubs.army.mil/epubs/DR_pubs/DR_a/pdf/web/ARN20851_ATP_5-0x3_FINAL_WEB.pdf,row0349,2020 - ATP 5-0.3 Multi-Service Tactics Techniques and Procedures for Operation Assessment.pdf,US Army doctrine (current)
doctrine_current:row0350,parsed,,64,bf23fcd8e02328c318838ba18e9389e139e71c1d92abd6d0e4c32cff0bfb0887,,doctrine_current,ATP 5-0.6 – Network Engagement,ATP 5-0.6,2017,2017-06-19,manifest,,,doctrine,https://armypubs.army.mil/epubs/DR_pubs/DR_a/pdf/web/ARN3696_ATP 5-0x6 FINAL WEB.pdf,row0350,2017 - ATP 5-0.6 Network Engagement.pdf,US Army doctrine (current)
doctrine_current:row0351,parsed,,84,8391dfd49bcfefc2e516e1d2bc50bcb73d2fa72ca710adb4d312ba0a42733368,,doctrine_current,ATP 5-19 – Risk Management,ATP 5-19,2021,2021-11-09,manifest,,,doctrine,https://armypubs.army.mil/epubs/DR_pubs/DR_a/ARN34181-ATP_5-19-000-WEB-1.pdf,row0351,2021 - ATP 5-19 Risk Management.pdf,US Army doctrine (current)
doctrine_current:row0352,parsed,,114,08dd1faf4fae8bcd9d31212630dc74b24745cc8137926be2a381394dab32cf37,,doctrine_current,ATP 6-0.5 – Command Post Organization and Operations,ATP 6-0.5,2017,2017-03-01,manifest,,,doctrine,https://armypubs.army.mil/epubs/DR_pubs/DR_a/pdf/web/ATP 6-0_5 (final).pdf,row0352,2017 - ATP 6-0.5 Command Post Organization and Operations.pdf,US Army doctrine (current)
doctrine_current:row0353,parsed,,184,2ec917b057816455633f6695cc7208bac2815651816d2dac35c24be399f556d9,,doctrine_current,ATP 6-01.1 – Knowledge Management,ATP 6-01.1,2024,2024-03-11,manifest,,,doctrine,https://armypubs.army.mil/epubs/DR_pubs/DR_a/ARN40319-ATP_6-01.1-000-WEB-2.pdf,row0353,2024 - ATP 6-01.1 Knowledge Management.pdf,US Army doctrine (current)
doctrine_current:row0354,parsed,,186,28479d389e6bbcf360dec5bd8b2bc35965ccc0783ac1c2841e60728faca9d131,,doctrine_current,ATP 6-02.2 – Signal Platoon,ATP 6-02.2,2026,2026-07-10,manifest,,,doctrine,https://armypubs.army.mil/epubs/DR_pubs/DR_a/ARN47029-ATP_6-02.2-000-WEB-1.pdf,row0354,2026 - ATP 6-02.2 Signal Platoon.pdf,US Army doctrine (current)
doctrine_current:row0355,parsed,,96,ab3669b166ce690ea8189e07643ce061629ab2a2311568f9aceecc21cc11f382,,doctrine_current,ATP 6-02.12 – Department of Defense Information Network-Army Planning Techniques,ATP 6-02.12,2021,2021-11-17,manifest,,,doctrine,https://armypubs.army.mil/epubs/DR_pubs/DR_a/ARN34173-ATP_6-02.12-000-WEB-1.pdf,row0355,2021 - ATP 6-02.12 Department of Defense Information Network-Army Planning Techniques.pdf,US Army doctrine (current)
doctrine_current:row0356,parsed,,74,f8463ba9fc251b1f30baac65200d146f9b1cba19f1443e0182df3b79de9a5cb3,,doctrine_current,ATP 6-02.40 – Techniques for Visual Information Operations,ATP 6-02.40,2019,2019-01-03,manifest,,,doctrine,https://armypubs.army.mil/epubs/DR_pubs/DR_a/ARN32237-ATP_6-02.40-001-WEB-3.pdf,row0356,2019 - ATP 6-02.40 Techniques for Visual Information Operations.pdf,US Army doctrine (current)
doctrine_current:row0357,parsed,,72,49e42263165fcc92d7e29ae490162f6490e4164074db69e6c63387807babcb1b,,doctrine_current,ATP 6-02.45 – Techniques for Tactical Signal Support to Theater Operations,ATP 6-02.45,2019,2019-11-07,manifest,,,doctrine,https://armypubs.army.mil/epubs/DR_pubs/DR_a/pdf/web/ARN19745_ATP 6-02.45 FINAL WEB.pdf,row0357,2019 - ATP 6-02.45 Techniques for Tactical Signal Support to Theater Operations.pdf,US Army doctrine (current)
doctrine_current:row0358,parsed,,178,037b4eeed99a011ec12fb447ca74f3cde45239e0f9632a004a794e22f7781dbc,,doctrine_current,ATP 6-02.46 – Expeditionary Signal Companies,ATP 6-02.46,2025,2025-05-07,manifest,,,doctrine,https://armypubs.army.mil/epubs/DR_pubs/DR_a/ARN44893-ATP_6-02.46-001-WEB-2.pdf,row0358,2025 - ATP 6-02.46 Expeditionary Signal Companies.pdf,US Army doctrine (current)
doctrine_current:row0359,parsed,,206,1b34ad599f578c963d24b74338884aa584bc472d4c0fbf8d35d79862f019d7b3,,doctrine_current,ATP 6-02.53 – Techniques for Tactical Radios and Retransmission,ATP 6-02.53,2025,2025-07-31,manifest,,,doctrine,https://armypubs.army.mil/epubs/DR_pubs/DR_a/ARN44497-ATP_6-02.53-000-WEB-1.pdf,row0359,2025 - ATP 6-02.53 Techniques for Tactical Radios and Retransmission.pdf,US Army doctrine (current)
doctrine_current:row0360,parsed,,98,05c6bde7036edbfd03fe7715da7c7427eecd892fd014a81eb0b75e9f4cb04238,,doctrine_current,ATP 6-02.54 – Techniques for Satellite Communications,ATP 6-02.54,2020,2020-11-05,manifest,,,doctrine,https://armypubs.army.mil/epubs/DR_pubs/DR_a/ARN31089-ATP_6-02.54-000-WEB-1.pdf,row0360,2020 - ATP 6-02.54 Techniques for Satellite Communications.pdf,US Army doctrine (current)
doctrine_current:row0361,parsed,,92,df8dc81ae0266ad4478f15b04ce025dae35d20bbc0093356c76b2bed3b77d3ad,,doctrine_current,ATP 6-02.60 – Tactical Networking Techniques for Corps and Below,ATP 6-02.60,2019,2019-08-09,manifest,,,doctrine,https://armypubs.army.mil/epubs/DR_pubs/DR_a/pdf/web/ARN18346_ATP 6-02x60 FINAL WEB.pdf,row0361,2019 - ATP 6-02.60 Tactical Networking Techniques for Corps and Below.pdf,US Army doctrine (current)
doctrine_current:row0362,parsed,,90,3a5002e5cd5a68b8847c59d8f96aabdc0d1108e35f1b0700a59df44503026804,,doctrine_current,ATP 6-02.61 – Expeditionary Mission Partner Network Operations,ATP 6-02.61,2023,2023-12-06,manifest,,,doctrine,https://armypubs.army.mil/epubs/DR_pubs/DR_a/ARN39769-ATP_6-02.61-000-WEB-1.pdf,row0362,2023 - ATP 6-02.61 Expeditionary Mission Partner Network Operations.pdf,US Army doctrine (current)
doctrine_current:row0363,parsed,,136,623b44fc59588e830cf385236753d9f0013ec154bf131903e748310d43220a4a,,doctrine_current,"ATP 6-02.62 – Expeditionary Mission Partner Network Techniques for Joining, Membership, and Exiting Instructions",ATP 6-02.62,2023,2023-12-06,manifest,,,doctrine,https://armypubs.army.mil/epubs/DR_pubs/DR_a/ARN39770-ATP_6-02.62-000-WEB-1.pdf,row0363,2023 - ATP 6-02.62 Expeditionary Mission Partner Network Techniques for Joining Membership and Exiting Instructions.pdf,US Army doctrine (current)
doctrine_current:row0364,parsed,,100,6d62ec231275a6cef5b25c6f2e679727827a9987251fcdd2d3d440b78bcfdbf3,,doctrine_current,ATP 6-02.70 – Techniques for Spectrum Management Operations,ATP 6-02.70,2025,2025-09-16,manifest,,,doctrine,https://armypubs.army.mil/epubs/DR_pubs/DR_a/ARN45020-ATP_6-02.70-000-WEB-1.pdf,row0364,2025 - ATP 6-02.70 Techniques for Spectrum Management Operations.pdf,US Army doctrine (current)
doctrine_current:row0365,parsed,,114,59806c5b215520a401166508ad77ca9a02148f90f66ed870285047e93af214c2,,doctrine_current,ATP 6-02.71 – Techniques for Department of Defense Information Network Operations,ATP 6-02.71,2025,2025-08-14,manifest,,,doctrine,https://armypubs.army.mil/epubs/DR_pubs/DR_a/ARN44595-ATP_6-02.71-000-WEB-1.pdf,row0365,2025 - ATP 6-02.71 Techniques for Department of Defense Information Network Operations.pdf,US Army doctrine (current)
doctrine_current:row0367,parsed,,66,028ab229a6287bc755d0b8cfa1873b4d125083f93fe41198194fe24a0e9fe58e,,doctrine_current,ATP 6-02.75 – Techniques for Communications Security,ATP 6-02.75,2020,2020-05-18,manifest,,,doctrine,https://armypubs.army.mil/epubs/DR_pubs/DR_a/pdf/web/ARN22144_ATP_6-02x75_FINAL_WEB.pdf,row0367,2020 - ATP 6-02.75 Techniques for Communications Security.pdf,US Army doctrine (current)
doctrine_current:row0368,parsed,,88,e27694c46e972a403d14ca6b6517d18e282bc1c9ba5b2d3dd63b340b02e21f18,,doctrine_current,ATP 6-22.1 – Providing Feedback: Counseling–Coaching–Mentoring,ATP 6-22.1,2024,2024-02-13,manifest,,,doctrine,https://armypubs.army.mil/epubs/DR_pubs/DR_a/ARN40232-ATP_6-22.1-000-WEB-1.pdf,row0368,2024 - ATP 6-22.1 Providing Feedback Counseling Coaching Mentoring.pdf,US Army doctrine (current)
doctrine_current:row0369,parsed,,118,0279c18eaca42d0c790596edda2c258c59679903f7ef2a6e25ddaa28743e0af2,,doctrine_current,ATP 7-22.01 – Holistic Health and Fitness Testing,ATP 7-22.01,2026,2026-03-12,manifest,,,doctrine,https://armypubs.army.mil/epubs/DR_pubs/DR_a/ARN46104-ATP_7-22.01-000-WEB-1.pdf,row0369,2026 - ATP 7-22.01 Holistic Health and Fitness Testing.pdf,US Army doctrine (current)
doctrine_current:row0370,parsed,,254,58c715b52df72c5d1fbdee2a1ca2dd9e6fa3b5b66cc1d88042aba895b0875d8a,,doctrine_current,ATP 7-22.02 – Holistic Health and Fitness Drills and Exercises,ATP 7-22.02,2020,2020-10-01,manifest,,,doctrine,https://armypubs.army.mil/epubs/DR_pubs/DR_a/ARN45013-ATP_7-22.02-001-WEB-4.pdf,row0370,2020 - ATP 7-22.02 Holistic Health and Fitness Drills and Exercises.pdf,US Army doctrine (current)
doctrine_current:row0371,parsed,,280,72b041ef7eb4da89e6edd17bb37e214252f636969e4e0a00163c1068dff5c9a4,,doctrine_current,ATP 7-100.1 – Russian Tactics,ATP 7-100.1,2024,2024-02-29,manifest,,,doctrine,https://armypubs.army.mil/epubs/DR_pubs/DR_a/ARN40737-ATP_7-100.1-001-WEB-4.pdf,row0371,2024 - ATP 7-100.1 Russian Tactics.pdf,US Army doctrine (current)
doctrine_current:row0372,parsed,,252,d5be75df913174f0ef0ff745972c133ba05e2414de9d4d40c94170ce474b2f5c,,doctrine_current,ATP 7-100.3 – Chinese Tactics,ATP 7-100.3,2021,2021-08-09,manifest,,,doctrine,https://armypubs.army.mil/epubs/DR_pubs/DR_a/ARN34236-ATP_7-100.3-001-WEB-3.pdf,row0372,2021 - ATP 7-100.3 Chinese Tactics.pdf,US Army doctrine (current)
doctrine_current:row0373,parsed,,148,cf851294660c94914d801b0c02224a8d746f52b9e012aaaae93fa9e8333825f2,,doctrine_current,TC 1-19.10 – Army Ceremonial Music Performance,TC 1-19.10,2024,2024-11-07,manifest,,,doctrine,https://armypubs.army.mil/epubs/DR_pubs/DR_a/ARN42403-TC_1-19.10-000-WEB-1.pdf,row0373,2024 - TC 1-19.10 Army Ceremonial Music Performance.pdf,US Army doctrine (current)
doctrine_current:row0374,parsed,,156,e80fa936fb96e5a5b110c1fe5e67e968dbe4468fc98da7124250cba956addbc3,,doctrine_current,TC 1-19.30 – Percussion Techniques,TC 1-19.30,2025,2025-09-08,manifest,,,doctrine,https://armypubs.army.mil/epubs/DR_pubs/DR_a/ARN44868-TC_1-19.30-000-WEB-1.pdf,row0374,2025 - TC 1-19.30 Percussion Techniques.pdf,US Army doctrine (current)
doctrine_current:row0375,parsed,,78,b1506e1cb3bc9f627da1f37b764b62c13c6b9f4c17a7c622180b45a2d559e1e3,,doctrine_current,TC 1-19.50 – The Army Drum Major,TC 1-19.50,2023,2023-09-20,manifest,,,doctrine,https://armypubs.army.mil/epubs/DR_pubs/DR_a/ARN39330-TC_1-19.50-000-WEB-1.pdf,row0375,2023 - TC 1-19.50 The Army Drum Major.pdf,US Army doctrine (current)
doctrine_current:row0376,parsed,,52,085b95704c5fa0af1ccf5fa075142d97e407d2a733591094beb9de2673fc942c,,doctrine_current,TC 1-19.51 – The Army Ceremonial Conductor,TC 1-19.51,2022,2022-09-01,manifest,,,doctrine,https://armypubs.army.mil/epubs/DR_pubs/DR_a/ARN36245-TC_1-19.51-000-WEB-1.pdf,row0376,2022 - TC 1-19.51 The Army Ceremonial Conductor.pdf,US Army doctrine (current)
doctrine_current:row0377,parsed,,84,9314cecc72740ad03651768d182e0f609c9d3703c7d81149a758be67902933fc,,doctrine_current,TC 1-19.52 – Army Bands Leader Development,TC 1-19.52,2021,2021-05-20,manifest,,,doctrine,https://armypubs.army.mil/epubs/DR_pubs/DR_a/ARN32486-TC_1-19.52-000-WEB-1.pdf,row0377,2021 - TC 1-19.52 Army Bands Leader Development.pdf,US Army doctrine (current)
doctrine_current:row0378,parsed,,316,33ba703c08cd0ffe4296a9240641b7bb125db31d1f0d4bd2e8dde4b04e972001,,doctrine_current,TC 2-19.01 – Military Intelligence (MI) Company and Platoon Reference Guide,TC 2-19.01,2021,2021-03-09,manifest,,,doctrine,https://armypubs.army.mil/epubs/DR_pubs/DR_a/ARN31806-TC_2-19.01-000-WEB-1.pdf,row0378,2021 - TC 2-19.01 Military Intelligence (MI) Company and Platoon Reference Guide.pdf,US Army doctrine (current)
doctrine_current:row0385,parsed,,192,755846b7029fe67d587c8f7ab198aadea3a818c1a62652be2a1756e248865b37,,doctrine_current,TC 3-01.80 – Visual Aircraft Recognition,TC 3-01.80,2017,2017-05-05,manifest,,,doctrine,https://armypubs.army.mil/epubs/DR_pubs/DR_a/pdf/web/ARN3274_TC 3-01x80 FINAL WEB.pdf,row0385,2017 - TC 3-01.80 Visual Aircraft Recognition.pdf,US Army doctrine (current)
doctrine_current:row0386,parsed,,80,5e139a70c65e27c65fb196d62ff99681c16c636a3e1eba4dd58510c1a7f6bd27,,doctrine_current,TC 3-01.81 – Counter-Small Unmanned Aircraft Systems (C-SUAS) Gunnery Program,TC 3-01.81,2025,2025-05-06,manifest,,,doctrine,https://armypubs.army.mil/epubs/DR_pubs/DR_a/ARN43695-TC_3-01.81-000-WEB-1.pdf,row0386,2025 - TC 3-01.81 Counter-Small Unmanned Aircraft Systems (C-SUAS) Gunnery Program.pdf,US Army doctrine (current)
doctrine_current:row0390,parsed,,372,d03e0a5e7ad35c23700734eb1f1165625c3017ea277b212809f7ac0569ba93ca,,doctrine_current,TC 3-04.1-4 – Fundamentals of Flight,TC 3-04.1-4,2026,2026-03-18,manifest,,,doctrine,https://armypubs.army.mil/epubs/DR_pubs/DR_a/ARN46145-TC_3-04.1-4-000-WEB-1.pdf,row0390,2026 - TC 3-04.1-4 Fundamentals of Flight.pdf,US Army doctrine (current)
doctrine_current:row0391,parsed,,168,d74d36a4b39b5efc5678c73c0291cd6f3ddacc1d3e81977a167fba8224cf2403,,doctrine_current,TC 3-04.1-6 – Aeromedical Training for Flight Personnel,TC 3-04.1-6,2026,2026-07-30,manifest,,,doctrine,https://armypubs.army.mil/epubs/DR_pubs/DR_a/ARN47213-TC_3-04.1-6-000-WEB-1.pdf,row0391,2026 - TC 3-04.1-6 Aeromedical Training for Flight Personnel.pdf,US Army doctrine (current)
doctrine_current:row0393,parsed,,312,833dfb2de7d823327398f07bfb544ef2bf69ae931f6f10dcaf7024b507ee7dc9,,doctrine_current,TC 3-04.5 – Instrument Flight for Army Aviators,TC 3-04.5,2024,2024-12-12,manifest,,,doctrine,https://armypubs.army.mil/epubs/DR_pubs/DR_a/ARN42594-TC_3-04.5-000-WEB-1.pdf,row0393,2024 - TC 3-04.5 Instrument Flight for Army Aviators.pdf,US Army doctrine (current)
doctrine_current:row0395,parsed,,74,a785685085702412ca328cd9669900a6c5c43cfaa2f8bf43238131537335df42,,doctrine_current,TC 3-04.10 – Aviation Life Support Maintenance,TC 3-04.10,2019,2019-01-24,manifest,,,doctrine,https://armypubs.army.mil/epubs/DR_pubs/DR_a/pdf/web/ARN14626_TC 3-04x10 FINAL WEB.pdf,row0395,2019 - TC 3-04.10 Aviation Life Support Maintenance.pdf,US Army doctrine (current)
doctrine_current:row0396,parsed,,114,f2d322a586c9226395521e2ca44a5810b5af06a8074e71c5bb4814f72def56eb,,doctrine_current,TC 3-04.11 – Commander's Aviation Training and Standardization Program,TC 3-04.11,2022,2022-04-14,manifest,,,doctrine,https://armypubs.army.mil/epubs/DR_pubs/DR_a/ARN35119-TC_3-04.11-000-WEB-1.pdf,row0396,2022 - TC 3-04.11 Commander s Aviation Training and Standardization Program.pdf,US Army doctrine (current)
doctrine_current:row0397,parsed,,54,88238df4ae32bf09b8bacfa403ee760dc7f12e493c3ffc89e83eaef9de62ddbc,,doctrine_current,TC 3-04.12 – Aviation Mission Planning Forms,TC 3-04.12,2022,2022-12-22,manifest,,,doctrine,https://armypubs.army.mil/epubs/DR_pubs/DR_a/ARN37063-TC_3-04.12-000-WEB-1.pdf,row0397,2022 - TC 3-04.12 Aviation Mission Planning Forms.pdf,US Army doctrine (current)
doctrine_current:row0398,parsed,,234,a63e1d679013dc476f42ad901222e92d755f70a8344319740c2f033ae1694046,,doctrine_current,"TC 3-04.15 – Air Traffic Control Facility Operations, Training, Maintenance, and Standardization",TC 3-04.15,2019,2019-10-08,manifest,,,doctrine,https://armypubs.army.mil/epubs/DR_pubs/DR_a/pdf/web/ARN19335_TC 3-04x15 FINAL WEB.pdf,row0398,2019 - TC 3-04.15 Air Traffic Control Facility Operations Training Maintenance and Standardization.pdf,US Army doctrine (current)
doctrine_current:row0399,parsed,,60,d6f62f3447816e1842bec4f8c0f848e01e6eaa4af4f1befc441e873dcfeeb322,,doctrine_current,TC 3-04.71 – Commander's Aviation Maintenance Training Program,TC 3-04.71,2024,2024-04-03,manifest,,,doctrine,https://armypubs.army.mil/epubs/DR_pubs/DR_a/ARN40589-TC_3-04.71-000-WEB-1.pdf,row0399,2024 - TC 3-04.71 Commander s Aviation Maintenance Training Program.pdf,US Army doctrine (current)
doctrine_current:row0401,parsed,,34,7987f913efba9a2e7eb1c30bc6d76f4967a95026bcb8e1e813087c5c1ae501b9,,doctrine_current,TC 3-09.8 – Fire Support and Field Artillery Certification and Qualification,TC 3-09.8,2020,2020-03-30,manifest,,,doctrine,https://armypubs.army.mil/epubs/DR_pubs/DR_a/ARN30053-TC_3-09.8-001-WEB-1.pdf,row0401,2020 - TC 3-09.8 Fire Support and Field Artillery Certification and Qualification.pdf,US Army doctrine (current)
doctrine_current:row0402,parsed,,664,3c5f48297eb491b1e5d26280613a01db9b6bb629e85b0d1492b840f4e3453fdd,,doctrine_current,TC 3-09.81 – Field Artillery Manual Cannon Gunnery,TC 3-09.81,2016,2016-04-13,manifest,,,doctrine,https://armypubs.army.mil/epubs/DR_pubs/DR_a/pdf/web/tc3_09x81.pdf,row0402,2016 - TC 3-09.81 Field Artillery Manual Cannon Gunnery.pdf,US Army doctrine (current)
doctrine_current:row0403,parsed,,50,26346f5a5cf8ab272a7200bfe9cd7d61f925f6d9f0ec9e132175213b3fd6e87f,,doctrine_current,"TC 3-11.20 – Chemical, Biological, Radiological, Nuclear, and Explosives Command Chemical, Biological, Radiological, and Nuclear Training Strategies",TC 3-11.20,2024,2024-07-25,manifest,,,doctrine,https://armypubs.army.mil/epubs/DR_pubs/DR_a/ARN41534-TC_3-11.20-000-WEB-1.pdf,row0403,2024 - TC 3-11.20 Chemical Biological Radiological Nuclear and Explosives Command Chemical Biological Radiological and Nucle.pdf,US Army doctrine (current)
doctrine_current:row0405,parsed,,54,e0fdd443490f98a2337e0c9cf9c738aa8e81da44c4f4508be03f028f3ebc0d7d,,doctrine_current,TC 3-12.2.4.1 – Analytic Support to Defensive Cyberspace Operations,TC 3-12.2.4.1,2024,2024-01-17,manifest,,,doctrine,https://armypubs.army.mil/epubs/DR_pubs/DR_a/ARN44503-TC_3-12.2.4.1-001-WEB-2.pdf,row0405,2024 - TC 3-12.2.4.1 Analytic Support to Defensive Cyberspace Operations.pdf,US Army doctrine (current)
doctrine_current:row0406,parsed,,52,cf3e939ad975c52f441bd71c6e2107bbb6b562830e53b840156480862a84f720,,doctrine_current,TC 3-12.2.90 – Mission Thread Defense,TC 3-12.2.90,2024,2024-02-05,manifest,,,doctrine,https://armypubs.army.mil/epubs/DR_pubs/DR_a/ARN44499-TC_3-12.2.90-001-WEB-2.pdf,row0406,2024 - TC 3-12.2.90 Mission Thread Defense.pdf,US Army doctrine (current)
doctrine_current:row0407,parsed,,108,cb83ee60bad54134a5ebc6317fe6c12160ddce8d262e5bcb79847fd5bcff7fdc,,doctrine_current,TC 3-12.2.98 – Hunt Operations,TC 3-12.2.98,2024,2024-02-02,manifest,,,doctrine,https://armypubs.army.mil/epubs/DR_pubs/DR_a/ARN44500-TC_3-12.2.98-001-WEB-2.pdf,row0407,2024 - TC 3-12.2.98 Hunt Operations.pdf,US Army doctrine (current)
doctrine_current:row0410,parsed,,260,70adf84353b160d8c265de6ea7b1f950301a12cfaef3d4f53d5f94237733867d,,doctrine_current,TC 3-20.0 – Integrated Weapons Training Strategy (IWTS),TC 3-20.0,2019,2019-06-18,manifest,,,doctrine,https://armypubs.army.mil/epubs/DR_pubs/DR_a/ARN17507-TC_3-20.0-000-WEB-2.pdf,row0410,2019 - TC 3-20.0 Integrated Weapons Training Strategy (IWTS).pdf,US Army doctrine (current)
doctrine_current:row0411,parsed,,176,d84d9fe51b9ce29d07008edaceb60b82b58293bfa74f51f3e9c97a8057065780,,doctrine_current,TC 3-20.11 – Training to Proficiency Maneuver Company and Troop,TC 3-20.11,2021,2021-04-28,manifest,,,doctrine,https://armypubs.army.mil/epubs/DR_pubs/DR_a/ARN32247-TC_3-20.11-000-WEB-1.pdf,row0411,2021 - TC 3-20.11 Training to Proficiency Maneuver Company and Troop.pdf,US Army doctrine (current)
doctrine_current:row0412,parsed,,316,61d090b9d62188248a14de9199d7facb6aba747205725d821240018b79c711f2,,doctrine_current,TC 3-20.20 – Training: Maneuver Platoon,TC 3-20.20,2025,2025-04-25,manifest,,,doctrine,https://armypubs.army.mil/epubs/DR_pubs/DR_a/ARN43563-TC_3-20.20-000-WEB-2.pdf,row0412,2025 - TC 3-20.20 Training Maneuver Platoon.pdf,US Army doctrine (current)
doctrine_current:row0415,parsed,,116,7e6df08760a8c8f0e6f3575c9b04a245e17f799886c4db69651938e5826f29e1,,doctrine_current,TC 3-20.31-9 – Armor Platoon Services,TC 3-20.31-9,2024,2024-07-10,manifest,,,doctrine,https://armypubs.army.mil/epubs/DR_pubs/DR_a/ARN41253-TC_3-20.31-9-000-WEB-2.pdf,row0415,2024 - TC 3-20.31-9 Armor Platoon Services.pdf,US Army doctrine (current)
doctrine_current:row0416,parsed,,56,c9f385286c3956e89ce809c2906e7af8678c32b17eb8f164e8c56985ad617b0a,,doctrine_current,TC 3-20.31-10 – Commander's Armor Maintenance Skills Test Program,TC 3-20.31-10,2026,2026-03-17,manifest,,,doctrine,https://armypubs.army.mil/epubs/DR_pubs/DR_a/ARN46148-TC_3-20.31-10-000-WEB-2.pdf,row0416,2026 - TC 3-20.31-10 Commander s Armor Maintenance Skills Test Program.pdf,US Army doctrine (current)
doctrine_current:row0417,parsed,,492,df962d4d55c87389cdbe7e2999154778ab18aafd28538eb856bb95ed79705ab7,,doctrine_current,"TC 3-20.31-25 – Gunnery: Bradley Fighting Vehicle, 25mm",TC 3-20.31-25,2025,2025-07-23,manifest,,,doctrine,https://armypubs.army.mil/epubs/DR_pubs/DR_a/ARN44385-TC_3-20.31-25-000-WEB-1.pdf,row0417,2025 - TC 3-20.31-25 Gunnery Bradley Fighting Vehicle 25mm.pdf,US Army doctrine (current)
doctrine_current:row0418,parsed,,200,fdbae0e4fa8a580b4d53d0d3da44ca3813f6a85f074fd6d702df83a53250e02c,,doctrine_current,TC 3-20.31-040 – Direct Fire Kill Chain,TC 3-20.31-040,2025,2025-06-25,manifest,,,doctrine,https://armypubs.army.mil/epubs/DR_pubs/DR_a/ARN44092-TC_3-20.31-040-000-WEB-1.pdf,row0418,2025 - TC 3-20.31-040 Direct Fire Kill Chain.pdf,US Army doctrine (current)
doctrine_current:row0419,parsed,,116,bc1dbd71310756ba119049c36b4b838e53f7164784874afca164e5437688a9be,,doctrine_current,TC 3-20.31-043 – Conduct of Fire,TC 3-20.31-043,2024,2024-10-03,manifest,,,doctrine,https://armypubs.army.mil/epubs/DR_pubs/DR_a/ARN42191-TC_3-20.31-043-000-WEB-1.pdf,row0419,2024 - TC 3-20.31-043 Conduct of Fire.pdf,US Army doctrine (current)
doctrine_current:row0420,parsed,,216,b287b66ac63254280a96528d3fd7eaaa8fc05c5d1f4b59ab146b486a4def6822,,doctrine_current,TC 3-20.31-044 – Mastery: Firing Tables,TC 3-20.31-044,2026,2026-01-12,manifest,,,doctrine,https://armypubs.army.mil/epubs/DR_pubs/DR_a/ARN45574-TC_3-20.31-044-000-WEB-2.pdf,row0420,2026 - TC 3-20.31-044 Mastery Firing Tables.pdf,US Army doctrine (current)
doctrine_current:row0421,parsed,,296,9d601f2e623d4003acc455859ef72fc326c610dee4dd3ecb2105097e769859b6,,doctrine_current,TC 3-20.31-105 – Gunnery: Medium Tank,TC 3-20.31-105,2025,2025-04-04,manifest,,,doctrine,https://armypubs.army.mil/epubs/DR_pubs/DR_a/ARN43383-TC_3-20.31-105-000-WEB-1.pdf,row0421,2025 - TC 3-20.31-105 Gunnery Medium Tank.pdf,US Army doctrine (current)
doctrine_current:row0422,parsed,,556,38e05c676bc6e16b709c9306d8aa00e85a25b31662386f464774d2c79f44455b,,doctrine_current,TC 3-20.31-120 – Gunnery: Heavy Tank,TC 3-20.31-120,2025,2025-07-31,manifest,,,doctrine,https://armypubs.army.mil/epubs/DR_pubs/DR_a/ARN44389-TC_3-20.31-120-000-WEB-1.pdf,row0422,2025 - TC 3-20.31-120 Gunnery Heavy Tank.pdf,US Army doctrine (current)
doctrine_current:row0428,parsed,,832,fb04e6de079598893c88fd2417ab755a56878f9c548117a703a45e729e97926e,,doctrine_current,TC 3-20.40 – Training and Qualification - Individual Weapons,TC 3-20.40,2019,2019-07-30,manifest,,,doctrine,https://armypubs.army.mil/epubs/DR_pubs/DR_a/pdf/web/ARN19574_TC_3-20.40-Incl_C1_FINAL_WEB.pdf,row0428,2019 - TC 3-20.40 Training and Qualification - Individual Weapons.pdf,US Army doctrine (current)
doctrine_current:row0429,parsed,,288,b1206ca28eab7b7a19037ab6195e1f53edfa992139040a5aeaf2e27e0ea9c470,,doctrine_current,TC 3-21.5 – Drill and Ceremonies,TC 3-21.5,2021,2021-05-03,manifest,,,doctrine,https://armypubs.army.mil/epubs/DR_pubs/DR_a/ARN32297-TC_3-21.5-000-WEB-1.pdf,row0429,2021 - TC 3-21.5 Drill and Ceremonies.pdf,US Army doctrine (current)
doctrine_current:row0430,parsed,,96,17ed03695423778fb09f335ffe1cbc0df18e1a6c1cc42e88195eb76a9b22d76b,,doctrine_current,TC 3-21.60 – Visual Signals,TC 3-21.60,2017,2017-03-17,manifest,,,doctrine,https://armypubs.army.mil/epubs/DR_pubs/DR_a/pdf/web/ARN2747_TC 3-21x60 FINAL WEB.pdf,row0430,2017 - TC 3-21.60 Visual Signals.pdf,US Army doctrine (current)
doctrine_current:row0431,parsed,,308,cd5c89210884ec0689f366ca08d000f4028e0ac67afe42f823a0016bc060a7e9,,doctrine_current,TC 3-21.75 – The Warrior Ethos and Soldier Combat Skills,TC 3-21.75,2013,2013-08-13,manifest,,,doctrine,https://armypubs.army.mil/epubs/DR_pubs/DR_a/pdf/web/tc3_21x75.pdf,row0431,2013 - TC 3-21.75 The Warrior Ethos and Soldier Combat Skills.pdf,US Army doctrine (current)
doctrine_current:row0432,parsed,,380,9f3200372a6f5e555ade0f6ea59f9471ca6ab9735313bda0563567f5c0c440f6,,doctrine_current,TC 3-21.76 – Ranger Handbook,TC 3-21.76,2025,2025-09-19,manifest,,,doctrine,https://armypubs.army.mil/epubs/DR_pubs/DR_a/ARN45113-TC_3-21.76-000-WEB-2.pdf,row0432,2025 - TC 3-21.76 Ranger Handbook.pdf,US Army doctrine (current)
doctrine_current:row0433,parsed,,224,cbdff3a8baac15080b4c20c299e2273c791a25a658c379a6bf0bc1df914bd552,,doctrine_current,TC 3-21.98 – Jungle Handbook,TC 3-21.98,2026,2026-08-18,manifest,,,doctrine,https://armypubs.army.mil/epubs/DR_pubs/DR_a/ARN47371-TC_3-21.98-000-WEB-1.pdf,row0433,2026 - TC 3-21.98 Jungle Handbook.pdf,US Army doctrine (current)
doctrine_current:row0434,parsed,,476,9af78977eda4a6e2b81d4c40384412366fd6f1a5642932c367e87d3e2e3db649,,doctrine_current,TC 3-21.220 – Static Line Parachuting Techniques and Training,TC 3-21.220,2026,2026-05-30,manifest,,,doctrine,https://armypubs.army.mil/epubs/DR_pubs/DR_a/ARN46656-TC_3-21.220-000-WEB-1.pdf,row0434,2026 - TC 3-21.220 Static Line Parachuting Techniques and Training.pdf,US Army doctrine (current)
doctrine_current:row0435,parsed,,160,139d84287f8a0f8ee43e422d4ae9c177138208d75cc78685754d5f1708816800,,doctrine_current,TC 3-22 – Security Force Assistance Mission Handbook,TC 3-22,2025,2025-01-29,manifest,,,doctrine,https://armypubs.army.mil/epubs/DR_pubs/DR_a/ARN42871-TC_3-22-000-WEB-1.pdf,row0435,2025 - TC 3-22 Security Force Assistance Mission Handbook.pdf,US Army doctrine (current)
doctrine_current:row0436,parsed,,60,c4cf3d87a54eda9e7a2d134647403925d09d5213ce731d2b5db6178a488e8c8c,,doctrine_current,TC 3-22.6 – Guard Duty,TC 3-22.6,2017,2017-01-13,manifest,,,doctrine,https://armypubs.army.mil/epubs/DR_pubs/DR_a/pdf/web/ARN20188_TC 3-22x6 C1 FINAL WEB.pdf,row0436,2017 - TC 3-22.6 Guard Duty.pdf,US Army doctrine (current)
doctrine_current:row0437,parsed,,252,268941c0ed41e71e6aa838e39a84f54b7cde853d66f75852b95469f0f0344354,,doctrine_current,TC 3-22.9 – Rifle and Carbine,TC 3-22.9,2016,2016-05-13,manifest,,,doctrine,https://armypubs.army.mil/epubs/DR_pubs/DR_a/pdf/web/ARN19927_TC_3-22x9_C3_FINAL_WEB.pdf,row0437,2016 - TC 3-22.9 Rifle and Carbine.pdf,US Army doctrine (current)
doctrine_current:row0439,parsed,,171,0135780b4fc4dd20b9f6c1fbd8aa2720a4d543824c54d77e49719d366f1902c2,,doctrine_current,TC 3-22.12 – M26 Modular Accessory Shotgun System,TC 3-22.12,2014,2014-11-12,manifest,,,doctrine,https://armypubs.army.mil/epubs/DR_pubs/DR_a/ARN41560-TC_3-22.12-000-WEB-0.pdf,row0439,2014 - TC 3-22.12 M26 Modular Accessory Shotgun System.pdf,US Army doctrine (current)
doctrine_current:row0440,parsed,,194,d2d1773305cb827f195ff8992343a6940fa6c75138394fc87972d0bc2d5063d5,,doctrine_current,TC 3-22.19 – Grenade Machine Gun MK 19 Mod 3,TC 3-22.19,2017,2017-05-10,manifest,,,doctrine,https://armypubs.army.mil/epubs/DR_pubs/DR_a/pdf/web/ARN19837_TC 3-22x19 C1 FINAL WEB.pdf,row0440,2017 - TC 3-22.19 Grenade Machine Gun MK 19 Mod 3.pdf,US Army doctrine (current)
doctrine_current:row0441,parsed,,96,4bf4802e75bcc3978ced2ce2f0d7c7e665d5af83c6d8fa6ef23e8020fdfa317d,,doctrine_current,TC 3-22.23 – M18A1 Claymore Munition,TC 3-22.23,2013,2013-11-15,manifest,,,doctrine,https://armypubs.army.mil/epubs/DR_pubs/DR_a/pdf/web/tc3_22x23.pdf,row0441,2013 - TC 3-22.23 M18A1 Claymore Munition.pdf,US Army doctrine (current)
doctrine_current:row0443,parsed,,260,448b3504bc6af774a4b5f5537964b09eaf825fd4ae7cc920b8a60b6e17b9468b,,doctrine_current,"TC 3-22.37 – Javelin-Close Combat Missile System, Medium",TC 3-22.37,2013,2013-08-13,manifest,,,doctrine,https://armypubs.army.mil/epubs/DR_pubs/DR_a/pdf/web/tc3_22x37.pdf,row0443,2013 - TC 3-22.37 Javelin-Close Combat Missile System Medium.pdf,US Army doctrine (current)
doctrine_current:row0444,parsed,,256,b461d28699015466dac2f70492575b8d10f4a548e189fbae9d549d1330298490,,doctrine_current,TC 3-22.50 – Heavy Machine Gun M2 Series,TC 3-22.50,2017,2017-05-19,manifest,,,doctrine,https://armypubs.army.mil/epubs/DR_pubs/DR_a/pdf/web/ARN5846_TC 3-22x50 FINAL WEB.pdf,row0444,2017 - TC 3-22.50 Heavy Machine Gun M2 Series.pdf,US Army doctrine (current)
doctrine_current:row0445,parsed,,316,3bbedd5b50bbced8ec2470871aecbcfdb5966c9f8bdd1e4df39a6b61fc6436b2,,doctrine_current,TC 3-22.69 – Advanced Situational Awareness,TC 3-22.69,2021,2021-04-02,manifest,,,doctrine,https://armypubs.army.mil/epubs/DR_pubs/DR_a/ARN34875-TC_3-22.69-000-WEB-1.pdf,row0445,2021 - TC 3-22.69 Advanced Situational Awareness.pdf,US Army doctrine (current)
doctrine_current:row0446,parsed,,190,760dfc5a8d0bdaae2295a89eecd50629f3a05f6c01265e6a9e52bc674f16ef73,,doctrine_current,"TC 3-22.84 – M3 Multi-Role, Anti-Armor, Anti-Personnel Weapon System",TC 3-22.84,2019,2019-07-18,manifest,,,doctrine,https://armypubs.army.mil/epubs/DR_pubs/DR_a/pdf/web/ARN18072_TC 3-22x84 FINAL WEB.pdf,row0446,2019 - TC 3-22.84 M3 Multi-Role Anti-Armor Anti-Personnel Weapon System.pdf,US Army doctrine (current)
doctrine_current:row0447,parsed,,280,10d4f7e6c959bae5dfb47ee2625f7fdf5d4a051ff172875b1951f47bde50a87e,,doctrine_current,TC 3-22.90 – Mortars,TC 3-22.90,2017,2017-03-17,manifest,,,doctrine,https://armypubs.army.mil/epubs/DR_pubs/DR_a/ARN36911-TC_3-22.90-001-WEB-3.pdf,row0447,2017 - TC 3-22.90 Mortars.pdf,US Army doctrine (current)
doctrine_current:row0448,parsed,,536,e2690d558016643bc16ae87d9fd170252cebc5dc83746b3bb3730f52e3b6573c,,doctrine_current,TC 3-22.91 – Mortar Fire Direction Procedures,TC 3-22.91,2025,2025-08-29,manifest,,,doctrine,https://armypubs.army.mil/epubs/DR_pubs/DR_a/ARN46232-TC_3-22.91-001-WEB-3.pdf,row0448,2025 - TC 3-22.91 Mortar Fire Direction Procedures.pdf,US Army doctrine (current)
doctrine_current:row0449,parsed,,202,b8e3caf3be1e3a9b885fa425925b75a97cdcd2797cb5e215766cc8a57f37bf08,,doctrine_current,TC 3-22.240 – Medium Machine Gun,TC 3-22.240,2017,2017-04-28,manifest,,,doctrine,https://armypubs.army.mil/epubs/DR_pubs/DR_a/ARN3182-TC_3-22.240-000-WEB-1.pdf,row0449,2017 - TC 3-22.240 Medium Machine Gun.pdf,US Army doctrine (current)
doctrine_current:row0450,parsed,,208,98ef9f697b6a6eb2a0eb2e6a490bb0838669243c14a06c638726a24fbe42b17b,,doctrine_current,TC 3-22.249 – Light Machine Gun M249 Series,TC 3-22.249,2017,2017-05-16,manifest,,,doctrine,https://armypubs.army.mil/epubs/DR_pubs/DR_a/ARN3242-TC_3-22.249-000-WEB-1.pdf,row0450,2017 - TC 3-22.249 Light Machine Gun M249 Series.pdf,US Army doctrine (current)
doctrine_current:row0451,parsed,,236,52b1f6885b19e8df1f69823c4f3c912f1a5f86a25d6fe4406a0d680ca4e426cd,,doctrine_current,TC 3-23.30 – Grenades and Pyrotechnic Signals,TC 3-23.30,2021,2021-08-17,manifest,,,doctrine,https://armypubs.army.mil/epubs/DR_pubs/DR_a/ARN37340-TC_3-23.30-001-WEB-3.pdf,row0451,2021 - TC 3-23.30 Grenades and Pyrotechnic Signals.pdf,US Army doctrine (current)
doctrine_current:row0452,parsed,,140,13f4b10d01f1918f9346c1af4d33ee1de4496ad72dc8402cce4fc9517e32d4d0,,doctrine_current,TC 3-23.35 – Pistol,TC 3-23.35,2017,2017-05-30,manifest,,,doctrine,https://armypubs.army.mil/epubs/DR_pubs/DR_a/pdf/web/ARN20599_TC_3-23x35_Incl_C2_FINAL_WEB.pdf,row0452,2017 - TC 3-23.35 Pistol.pdf,US Army doctrine (current)
doctrine_current:row0454,parsed,,408,f37976c5c6443f476b2b85acd16170206bb7f987a6984cb978acdb47b37ebf19,,doctrine_current,TC 3-25.150 – Combatives,TC 3-25.150,2017,2017-03-31,manifest,,,doctrine,https://armypubs.army.mil/epubs/DR_pubs/DR_a/pdf/web/ARN3118_TC 3-25x150 FINAL WEB.pdf,row0454,2017 - TC 3-25.150 Combatives.pdf,US Army doctrine (current)
doctrine_current:row0456,parsed,,60,f5028f9c0a920b497b9b3b363a5d38019f1e7f56e368d49fc4576746520d6cd0,,doctrine_current,TC 3-34.80 – Army Geospatial Guide for Commanders and Planners,TC 3-34.80,2019,2019-09-19,manifest,,,doctrine,https://armypubs.army.mil/epubs/DR_pubs/DR_a/pdf/ARN19295_TC 3-34x80 FINAL WEB.pdf,row0456,2019 - TC 3-34.80 Army Geospatial Guide for Commanders and Planners.pdf,US Army doctrine (current)
doctrine_current:row0459,parsed,,38,b57a4cc10802c651e9f1d772d8371593ef6ee1ee22e8b39fd43021b200df71dc,,doctrine_current,TC 3-34.200 – Bridge Crewmember Qualification Tables,TC 3-34.200,2021,2021-04-19,manifest,,,doctrine,https://armypubs.army.mil/epubs/DR_pubs/DR_a/ARN32112-TC_3-34.200-000-WEB-1.pdf,row0459,2021 - TC 3-34.200 Bridge Crewmember Qualification Tables.pdf,US Army doctrine (current)
doctrine_current:row0460,parsed,,48,59c3511e7153dc40b47e8890b1d41c66fd1f2902a67ed83024ad9a9136a09645,,doctrine_current,TC 3-34.500 – Construction Qualification Tables,TC 3-34.500,2020,2020-09-02,manifest,,,doctrine,https://armypubs.army.mil/epubs/DR_pubs/DR_a/ARN30422-TC_3-34.500-000-WEB-1.pdf,row0460,2020 - TC 3-34.500 Construction Qualification Tables.pdf,US Army doctrine (current)
doctrine_current:row0461,parsed,,112,3ddc33182f536f3543e0d220535da8afa6299083b2ca2343fa41c3f91459af79,,doctrine_current,TC 3-34.530 – Inland Petroleum Distribution System Engineer Construction Support,TC 3-34.530,2022,2022-06-03,manifest,,,doctrine,https://armypubs.army.mil/epubs/DR_pubs/DR_a/ARN35603-TC_3-34.530-000-WEB-1.pdf,row0461,2022 - TC 3-34.530 Inland Petroleum Distribution System Engineer Construction Support.pdf,US Army doctrine (current)
doctrine_current:row0462,parsed,,128,2f8ff42dbf9903c43ba791ce96c6ee5151f23d623acabe058b70c4318c5519ef,,doctrine_current,TC 3-37.51 – Urban Search and Rescue,TC 3-37.51,2020,2020-08-25,manifest,,,doctrine,https://armypubs.army.mil/epubs/DR_pubs/DR_a/ARN30224-TC_3-37.51-000-WEB-1.pdf,row0462,2020 - TC 3-37.51 Urban Search and Rescue.pdf,US Army doctrine (current)
doctrine_current:row0463,parsed,,50,5943e990b9d757f58a1f89033592d21263d4cd31cd5a3dbec848e4efd23d2c90,,doctrine_current,TC 3-57.51 – Civil Preparation of the Battlefield,TC 3-57.51,2021,2021-11-23,manifest,,,doctrine,https://armypubs.army.mil/epubs/DR_pubs/DR_a/ARN34220-TC_3-57.51-000-WEB-1.pdf,row0463,2021 - TC 3-57.51 Civil Preparation of the Battlefield.pdf,US Army doctrine (current)
doctrine_current:row0464,parsed,,140,ac97c377c6cf912ef9baa2b99b2fa8d005dcd4b54d26bc60c7b9dfe31f257568,,doctrine_current,"TC 3-90.10 – Brigade Combat Team Cover, Concealment, and Camouflage",TC 3-90.10,2026,2026-06-29,manifest,,,doctrine,https://armypubs.army.mil/epubs/DR_pubs/DR_a/ARN46874-TC_3-90.10-000-WEB-1.pdf,row0464,2026 - TC 3-90.10 Brigade Combat Team Cover Concealment and Camouflage.pdf,US Army doctrine (current)
doctrine_current:row0467,parsed,,432,9cdc483c35ebcbb9b25add51be60fffab2f13eef024b075d14c0d56b7d47ad39,,doctrine_current,TC 3-97.61 – Military Mountaineering,TC 3-97.61,2025,2025-11-26,manifest,,,doctrine,https://armypubs.army.mil/epubs/DR_pubs/DR_a/ARN45366-TC_3-97.61-000-WEB-1.pdf,row0467,2025 - TC 3-97.61 Military Mountaineering.pdf,US Army doctrine (current)
doctrine_current:row0468,parsed,,48,e024b79ca8c638355eb70f33bb62bccc8070ab2d669bcfa9ad9e5c1ad9e43732,,doctrine_current,TC 4-02.3 – Field Hygiene and Sanitation,TC 4-02.3,2015,2015-05-06,manifest,,,doctrine,https://armypubs.army.mil/epubs/DR_pubs/DR_a/pdf/web/tc4_02x3.pdf,row0468,2015 - TC 4-02.3 Field Hygiene and Sanitation.pdf,US Army doctrine (current)
doctrine_current:row0471,parsed,,454,57e040878c12ec36f03feddf6339727deaec6b12c98b11127bbd2c3ab74edfbd,,doctrine_current,TC 4-13.17 – Cargo Specialist's Handbook,TC 4-13.17,2011,2011-05-12,manifest,,,doctrine,https://armypubs.army.mil/epubs/DR_pubs/DR_a/pdf/web/tc4_13x17.pdf,row0471,2011 - TC 4-13.17 Cargo Specialist s Handbook.pdf,US Army doctrine (current)
doctrine_current:row0472,parsed,,378,32fc10eddd2a5c23a179ac4a5713757d836f21696aa66b63d4fddeadbb8e6f5c,,doctrine_current,TC 4-15.51 – Marine Crewman's Handbook,TC 4-15.51,2018,2018-12-17,manifest,,,doctrine,https://armypubs.army.mil/epubs/DR_pubs/DR_a/pdf/web/ARN13742_TC 4-15x51 FINAL WEB.pdf,row0472,2018 - TC 4-15.51 Marine Crewman s Handbook.pdf,US Army doctrine (current)
doctrine_current:row0475,parsed,,208,455c8be2b742778682131d6c188f6d9e3d8974bbab408dae39db0edafddb222b,,doctrine_current,TC 5-210 – Military Float Bridging Equipment,TC 5-210,1988,1988-12-27,manifest,,,doctrine,https://armypubs.army.mil/epubs/DR_pubs/DR_a/ARN36573-TC_5-210-000-WEB-0.pdf,row0475,1988 - TC 5-210 Military Float Bridging Equipment.pdf,US Army doctrine (current)
doctrine_current:row0476,parsed,,132,c6f6e15b4494651a6619c34a3664f33a9b8699fd9ad991de074b4d28389424d3,,doctrine_current,TC 5-340 – Air Base Damage Repair (Pavement Repair),TC 5-340,1988,1988-12-27,manifest,,,doctrine,https://armypubs.army.mil/epubs/DR_pubs/DR_a/pdf/web/tc5_340.pdf,row0476,1988 - TC 5-340 Air Base Damage Repair (Pavement Repair).pdf,US Army doctrine (current)
doctrine_current:row0477,parsed,,88,d8c77f7e826d5f439bb65fbd1bc8e75283d83c74c4e8843f99a35d042e2dc601,,doctrine_current,TC 6-0 – Training the Command and Control Warfighting Function,TC 6-0,2021,2021-03-02,manifest,,,doctrine,https://armypubs.army.mil/epubs/DR_pubs/DR_a/ARN31776-TC_6-0-000-WEB-1.pdf,row0477,2021 - TC 6-0 Training the Command and Control Warfighting Function.pdf,US Army doctrine (current)
doctrine_current:row0478,parsed,,248,3ff3977dfbbea83cd493870844ca2603b7e9efe2e164f92611e8d11696e73e15,,doctrine_current,TC 6-0.2 – Training the Command and Control Warfighting Function for Battalions and Brigades,TC 6-0.2,2025,2025-07-30,manifest,,,doctrine,https://armypubs.army.mil/epubs/DR_pubs/DR_a/ARN44461-TC_6-0.2-000-WEB-2.pdf,row0478,2025 - TC 6-0.2 Training the Command and Control Warfighting Function for Battalions and Brigades.pdf,US Army doctrine (current)
doctrine_current:row0479,parsed,,208,0fdf5ea4e3b56475cbabd53c7bf3606ccc502a7349d12097dec1425fa6debb24,,doctrine_current,TC 6-0.4 – Training the Mission Command Warfighting Function for Divisions and Corps,TC 6-0.4,2019,2019-04-10,manifest,,,doctrine,https://armypubs.army.mil/epubs/DR_pubs/DR_a/pdf/web/ARN16489_TC 6-0x4 FINAL WEB.pdf,row0479,2019 - TC 6-0.4 Training the Mission Command Warfighting Function for Divisions and Corps.pdf,US Army doctrine (current)
doctrine_current:row0480,parsed,,54,0cd3753bc97b8d2105bd793fe3e4565151fd51211cd9cefc79270a21f19acf27,,doctrine_current,TC 6-02.1 – The United States Army Signal Corps 2019 Training Strategy,TC 6-02.1,2019,2019-07-11,manifest,,,doctrine,https://armypubs.army.mil/epubs/DR_pubs/DR_a/pdf/web/ARN17840_TC 6-02.1 FINAL WEB.pdf,row0480,2019 - TC 6-02.1 The United States Army Signal Corps 2019 Training Strategy.pdf,US Army doctrine (current)
doctrine_current:row0481,parsed,,48,32c740e38377ec3fbe01877e4806470fb625bd0fc5c766237d8811309437e618,,doctrine_current,TC 6-02.6 – Grounding Techniques for Tactical Equipment and Systems,TC 6-02.6,2017,2017-11-22,manifest,,,doctrine,https://armypubs.army.mil/epubs/DR_pubs/DR_a/pdf/web/ARN6312_TC 6-02x6 FINAL WEB.pdf,row0481,2017 - TC 6-02.6 Grounding Techniques for Tactical Equipment and Systems.pdf,US Army doctrine (current)
doctrine_current:row0482,parsed,,282,35b14085b55e310d88ceb629753308323e6dd906add204ae0ee556100c2e3fc9,,doctrine_current,TC 6-02.20 – Cable and Wire Systems Handbook,TC 6-02.20,2018,2018-01-23,manifest,,,doctrine,https://armypubs.army.mil/epubs/DR_pubs/DR_a/pdf/web/ARN7130_TC 6-02x20 FINAL WEB 1.pdf,row0482,2018 - TC 6-02.20 Cable and Wire Systems Handbook.pdf,US Army doctrine (current)
doctrine_current:row0483,parsed,,90,59940b9f5bcb21da12046ba91ed17b258dcdbfbe6fce4c560f47aeee1f473e07,,doctrine_current,TC 6-02.46 – Training and Certification Standards for Expeditionary Signal Companies,TC 6-02.46,2026,2026-08-06,manifest,,,doctrine,https://armypubs.army.mil/epubs/DR_pubs/DR_a/ARN47267-TC_6-02.46-000-WEB-1.pdf,row0483,2026 - TC 6-02.46 Training and Certification Standards for Expeditionary Signal Companies.pdf,US Army doctrine (current)
doctrine_current:row0484,parsed,,76,8e25f7ed62922c15ced0bb6a904ce8fb43c6fe221a120a7535b3e742733fe916,,doctrine_current,TC 6-6 – Training the Mission Command Warfighting Function: Transitioning to a Joint Headquarters,TC 6-6,2018,2018-01-15,manifest,,,doctrine,https://armypubs.army.mil/epubs/DR_pubs/DR_a/pdf/web/ARN7062_TC 6-6 FINAL WEB.pdf,row0484,2018 - TC 6-6 Training the Mission Command Warfighting Function Transitioning to a Joint Headquarters.pdf,US Army doctrine (current)
doctrine_current:row0485,parsed,,56,5882136b90a9d19482833269a4a95deb8a7fa3f88a8c167a8d34be2cac0efeb0,,doctrine_current,TC 6-22.6 – Employee Engagement,TC 6-22.6,2017,2017-05-15,manifest,,,doctrine,https://armypubs.army.mil/epubs/DR_pubs/DR_a/pdf/web/ARN3288_TC 6-22x6 FINAL WEB.pdf,row0485,2017 - TC 6-22.6 Employee Engagement.pdf,US Army doctrine (current)
doctrine_current:row0486,parsed,,36,bb9a416af5e5ab892a2a14f3471bd240728a0cf73d8147d013df21a7325ae876,,doctrine_current,TC 7-0.1 – After Action Reviews,TC 7-0.1,2025,2025-02-13,manifest,,,doctrine,https://armypubs.army.mil/epubs/DR_pubs/DR_a/ARN42934-TC_7-0.1-000-WEB-1.pdf,row0486,2025 - TC 7-0.1 After Action Reviews.pdf,US Army doctrine (current)
doctrine_current:row0487,parsed,,52,84fdc0286437c7d73b385212013e2eace151940006bd4248f0112bee9892153a,,doctrine_current,TC 7-0.2 – Training Meetings,TC 7-0.2,2025,2025-06-09,manifest,,,doctrine,https://armypubs.army.mil/epubs/DR_pubs/DR_a/ARN43926-TC_7-0.2-000-WEB-1.pdf,row0487,2025 - TC 7-0.2 Training Meetings.pdf,US Army doctrine (current)
doctrine_current:row0488,parsed,,58,ea590c511e98865ecb50cb689d4f5ceb2144fc93f46e09b0d5f561abdfcae5e0,,doctrine_current,TC 7-0.3 – Plan an Event,TC 7-0.3,2025,2025-09-23,manifest,,,doctrine,https://armypubs.army.mil/epubs/DR_pubs/DR_a/ARN45123-TC_7-0.3-000-WEB-1.pdf,row0488,2025 - TC 7-0.3 Plan an Event.pdf,US Army doctrine (current)
doctrine_current:row0489,parsed,,42,2dc8625bc19b44161b5380b4b518bb13fd0fe323613f0e4bc16f8b9e311db187,,doctrine_current,TC 7-0.4 – Training and Evaluation Outlines,TC 7-0.4,2025,2025-08-26,manifest,,,doctrine,https://armypubs.army.mil/epubs/DR_pubs/DR_a/ARN44763-TC_7-0.4-000-WEB-1.pdf,row0489,2025 - TC 7-0.4 Training and Evaluation Outlines.pdf,US Army doctrine (current)
doctrine_current:row0490,parsed,,164,0022c3ab7fd10c328440d0fcea637aba2fec5955ba977d73c65ec44fe9c3ad0a,,doctrine_current,TC 7-9 – Infantry Live-Fire Training,TC 7-9,1993,1993-09-30,manifest,,,doctrine,https://armypubs.army.mil/epubs/DR_pubs/DR_a/pdf/web/tc7_9.pdf,row0490,1993 - TC 7-9 Infantry Live-Fire Training.pdf,US Army doctrine (current)
doctrine_current:row0491,parsed,,164,9918c6ef6660c5bbeb2bf4a0dbd5556944f8ee3f5eb54a1c1f16326f9f246bc8,,doctrine_current,"TC 7-21.10 – Infantry and Weapons Company Guide to Training Aids, Devices, Simulators, and Simulations",TC 7-21.10,2009,2009-07-14,manifest,,,doctrine,https://armypubs.army.mil/epubs/DR_pubs/DR_a/pdf/web/tc7_21x10.pdf,row0491,2009 - TC 7-21.10 Infantry and Weapons Company Guide to Training Aids Devices Simulators and Simulations.pdf,US Army doctrine (current)
doctrine_current:row0492,parsed,,68,50c70de5d40eebcbfe83c25d2f3b00a0f8776656529d398b59279d44bd7a7911,,doctrine_current,TC 7-21.13 – The Soldier's Guide,TC 7-21.13,2025,2025-09-17,manifest,,,doctrine,https://armypubs.army.mil/epubs/DR_pubs/DR_a/ARN45021-TC_7-21.13-000-WEB-2.pdf,row0492,2025 - TC 7-21.13 The Soldier s Guide.pdf,US Army doctrine (current)
doctrine_current:row0493,parsed,,122,50cb1269a4f0507b244c4d9d4bc5388a0196ede3eecab575642f0ca613caff7f,,doctrine_current,TC 7-22.7 – The Noncommissioned Officer Guide,TC 7-22.7,2025,2025-08-19,manifest,,,doctrine,https://armypubs.army.mil/epubs/DR_pubs/DR_a/ARN44634-TC_7-22.7-000-WEB-2.pdf,row0493,2025 - TC 7-22.7 The Noncommissioned Officer Guide.pdf,US Army doctrine (current)
doctrine_current:row0495,parsed,,931,e7bfbe1aa0f7a2aea15dd6377412779dcb324c1ea922bffafa2654d85ad8f1ee,,doctrine_current,TC 7-98-1 – Stability and Support Operations Training Support Package,TC 7-98-1,1997,1997-06-05,manifest,,,doctrine,https://armypubs.army.mil/epubs/DR_pubs/DR_a/pdf/web/tc7_98_1.pdf,row0495,1997 - TC 7-98-1 Stability and Support Operations Training Support Package.pdf,US Army doctrine (current)
doctrine_current:row0496,parsed,,232,61ae955e38db7d1e0f1ac6e75fb7110236870c4ec7e8c398d97365ce406944f6,,doctrine_current,TC 7-100.4 – Hybrid Threat Force Structure Organizational Guide,TC 7-100.4,2015,2015-06-04,manifest,,,doctrine,https://armypubs.army.mil/epubs/DR_pubs/DR_a/pdf/web/tc7_100x4.pdf,row0496,2015 - TC 7-100.4 Hybrid Threat Force Structure Organizational Guide.pdf,US Army doctrine (current)
doctrine_current:row0497,parsed,,142,c690587563d0f2c95fae3e94d6dc6d917465585146b7848fdc8efbb8e386ef05,,doctrine_current,TC 7-101 – Exercise Design,TC 7-101,2010,2010-11-26,manifest,,,doctrine,https://armypubs.army.mil/epubs/DR_pubs/DR_a/pdf/web/tc7_101.pdf,row0497,2010 - TC 7-101 Exercise Design.pdf,US Army doctrine (current)
doctrine_current:row0498,parsed,,80,d0f8d9e9876358745d333d9cd360ff379244c0ae60e1b249d3da7d919b864270,,doctrine_current,TC 7-102 – Operational Environment and Army Learning,TC 7-102,2014,2014-11-26,manifest,,,doctrine,https://armypubs.army.mil/epubs/DR_pubs/DR_a/pdf/web/tc7_102.pdf,row0498,2014 - TC 7-102 Operational Environment and Army Learning.pdf,US Army doctrine (current)
doctrine_current:row0499,parsed,,154,8b42c73dd66900726bccec2b98197cb196af6d39f10c599414f5a8de2a8b0337,,doctrine_current,TC 8-13 – Tactical Hospital Infrastructure,TC 8-13,2021,2021-02-25,manifest,,,doctrine,https://armypubs.army.mil/epubs/DR_pubs/DR_a/ARN31687-TC_8-13-000-WEB-1.pdf,row0499,2021 - TC 8-13 Tactical Hospital Infrastructure.pdf,US Army doctrine (current)
doctrine_current:row0503,parsed,,32,f7a1045d10d5e81be398dd7665981fda0c8aa0c10d51e2c8adec47bd404c2a18,,doctrine_current,TC 8-250 – Behavioral Science Support for Detainee Operations and Intelligence Interrogations,TC 8-250,2023,2023-03-15,manifest,,,doctrine,https://armypubs.army.mil/epubs/DR_pubs/DR_a/ARN37721-TC_8-250-000-WEB-1.pdf,row0503,2023 - TC 8-250 Behavioral Science Support for Detainee Operations and Intelligence Interrogations.pdf,US Army doctrine (current)
doctrine_current:row0504,parsed,,52,7beb1aa9a6618b4b560a37d17a074f644ec4f9215f58560556013aba4b6ea915,,doctrine_current,TC 8-260 – Pharmacy Specialist,TC 8-260,2025,2025-04-07,manifest,,,doctrine,https://armypubs.army.mil/epubs/DR_pubs/DR_a/ARN43437-TC_8-260-000-WEB-1.pdf,row0504,2025 - TC 8-260 Pharmacy Specialist.pdf,US Army doctrine (current)
doctrine_current:row0508,parsed,,30,5764da850d5ce986fbf1e84ffb16145f7c773d42d15072c1046abf4191f0a471,,doctrine_current,TC 8-800 – Medical Education and Demonstration of Individual Competence,TC 8-800,2021,2021-12-15,manifest,,,doctrine,https://armypubs.army.mil/epubs/DR_pubs/DR_a/ARN33634-TC_8-800-000-WEB-1.pdf,row0508,2021 - TC 8-800 Medical Education and Demonstration of Individual Competence.pdf,US Army doctrine (current)
doctrine_current:row0511,parsed,,104,43882f5b1fd5fc7c5c185da880071cbfe3643b7ab36c1b5cf97ae1b58f036377,,doctrine_current,TC 9-10 – Ammunition Support Activity Handbook,TC 9-10,2025,2025-02-13,manifest,,,doctrine,https://armypubs.army.mil/epubs/DR_pubs/DR_a/ARN42935-TC_9-10-000-WEB-1.pdf,row0511,2025 - TC 9-10 Ammunition Support Activity Handbook.pdf,US Army doctrine (current)
doctrine_current:row0512,parsed,,266,2b5783159f6057a361ddc30db88dd7ec92d17609380f825635da90ab9f2be3be,,doctrine_current,"TC 9-60 – Communications-Electronics Fundamentals, Basic Principles of Alternating Current and Direct Current",TC 9-60,2004,2004-08-30,manifest,,,doctrine,https://armypubs.army.mil/epubs/DR_pubs/DR_a/pdf/web/tc9_60.pdf,row0512,2004 - TC 9-60 Communications-Electronics Fundamentals Basic Principles of Alternating Current and Direct Current.pdf,US Army doctrine (current)
doctrine_current:row0513,parsed,,354,9f6ea66e1978c986ab77b1540052b54dfe8b081c4e64f9dbf52d2efd2b60ab04,,doctrine_current,TC 9-62 – Communications-Electronics Fundamentals: Solid State Devices and Solid State Power Supplies and Amplifiers,TC 9-62,2005,2005-06-23,manifest,,,doctrine,https://armypubs.army.mil/epubs/DR_pubs/DR_a/pdf/web/tc9_62.pdf,row0513,2005 - TC 9-62 Communications-Electronics Fundamentals Solid State Devices and Solid State Power Supplies and Amplifiers.pdf,US Army doctrine (current)
doctrine_current:row0514,parsed,,269,508c8be5abf4e9ac31b6281f4c655001ac46820f03a004548f14910b95099737,,doctrine_current,"TC 9-64 – Communications-Electronics Fundamentals: Wave Propagation, Transmission Lines, and Antennas",TC 9-64,2004,2004-07-15,manifest,,,doctrine,https://armypubs.army.mil/epubs/DR_pubs/DR_a/pdf/web/tc9_64.pdf,row0514,2004 - TC 9-64 Communications-Electronics Fundamentals Wave Propagation Transmission Lines and Antennas.pdf,US Army doctrine (current)
doctrine_current:row0515,parsed,,120,4985ed5ba4ef2a0fbd512b28598f173f692aac81824f15192b4e5427242d8525,,doctrine_current,TC 9-72 – Communication-Electronics Fundamentals: Digital Computers,TC 9-72,2005,2005-09-12,manifest,,,doctrine,https://armypubs.army.mil/epubs/DR_pubs/DR_a/pdf/web/tc9_72.pdf,row0515,2005 - TC 9-72 Communication-Electronics Fundamentals Digital Computers.pdf,US Army doctrine (current)
doctrine_current:row0516,parsed,,782,065fdf7f0b4439f3da7985bd3a18af0ca8ad8e7d4a26d426e0fd535c951ebf88,,doctrine_current,TC 9-237 – Operator's Circular Welding Theory and Application,TC 9-237,1993,1993-05-07,manifest,,,doctrine,https://armypubs.army.mil/epubs/DR_pubs/DR_a/pdf/web/tc9_237.pdf,row0516,1993 - TC 9-237 Operator s Circular Welding Theory and Application.pdf,US Army doctrine (current)
doctrine_current:row0518,parsed,,312,d157c2709df54bc600dc03bb9379a2da3deb8e9d94e5d28a88a73ae6fa204ef9,,doctrine_current,TC 9-524 – Fundamentals of Machine Tools,TC 9-524,1996,1996-10-29,manifest,,,doctrine,https://armypubs.army.mil/epubs/DR_pubs/DR_a/pdf/web/tc9_524.pdf,row0518,1996 - TC 9-524 Fundamentals of Machine Tools.pdf,US Army doctrine (current)
doctrine_current:row0535,parsed,,136,6b30ad48fd05573b3dd7da1bd45bdee651047e2d4f85c757428d97a22187dd29,,doctrine_current,TC 21-3 – Soldier's Handbook for Individual Operations and Survival in Cold-Weather Areas,TC 21-3,2025,2025-09-30,manifest,,,doctrine,https://armypubs.army.mil/epubs/DR_pubs/DR_a/ARN45217-TC_21-3-000-WEB-1.pdf,row0535,2025 - TC 21-3 Soldier s Handbook for Individual Operations and Survival in Cold-Weather Areas.pdf,US Army doctrine (current)
doctrine_current:row0536,parsed,,101,6abbb8ee12e2e5a76ad62ab92dda03277ec7464505fc34f6d7fa9af371149ba8,,doctrine_current,TC 21-7 – Personal Financial Readiness and Deployability Handbook,TC 21-7,2003,2003-08-14,manifest,,,doctrine,https://armypubs.army.mil/epubs/DR_pubs/DR_a/pdf/web/tc21_7.pdf,row0536,2003 - TC 21-7 Personal Financial Readiness and Deployability Handbook.pdf,US Army doctrine (current)
doctrine_current:row0537,parsed,,88,f7416754d7c7a36dca46bc4a9754b0c754a599b441933c53629b8434bf3a7634,,doctrine_current,TC 21-24 – Tower and Aircraft Rappelling,TC 21-24,2025,2025-02-25,manifest,,,doctrine,https://armypubs.army.mil/epubs/DR_pubs/DR_a/ARN43088-TC_21-24-000-WEB-2.pdf,row0537,2025 - TC 21-24 Tower and Aircraft Rappelling.pdf,US Army doctrine (current)
doctrine_current:row0538,parsed,,105,6cf3d21b111be0952b9753d665ff15ef425b49cf056757d67f237f7074ec71c2,,doctrine_current,TC 21-305 – Training Program for Wheeled Vehicle Accident Avoidance,TC 21-305,1996,1996-08-19,manifest,,,doctrine,https://armypubs.army.mil/epubs/DR_pubs/DR_a/NOCASE-TC_21-305-001-WEB-2.pdf,row0538,1996 - TC 21-305 Training Program for Wheeled Vehicle Accident Avoidance.pdf,US Army doctrine (current)
doctrine_current:row0546,parsed,,368,6004a3d3f273dcc1dcb3d2ac642c7f0f68009257188601b1b2fb71d361d142ff,,doctrine_current,TC 21-305-20 – Manual for the Wheeled Vehicle Operator,TC 21-305-20,2016,2016-01-12,manifest,,,doctrine,https://armypubs.army.mil/epubs/DR_pubs/DR_a/pdf/web/tc21_305_20.pdf,row0546,2016 - TC 21-305-20 Manual for the Wheeled Vehicle Operator.pdf,US Army doctrine (current)
doctrine_current:row0547,parsed,,100,b165a11af073fc8f4bff352649d013fae93faa83013d46aa7482fb7c418ab860,,doctrine_current,TC 21-306 – Tracked Combat Vehicle Driver Training,TC 21-306,2025,2025-04-24,manifest,,,doctrine,https://armypubs.army.mil/epubs/DR_pubs/DR_a/ARN43540-TC_21-306-000-WEB-2.pdf,row0547,2025 - TC 21-306 Tracked Combat Vehicle Driver Training.pdf,US Army doctrine (current)
doctrine_current:row0555,parsed,,296,b2c325b4fe64daafd81658b9033f2f1bfcc12e9e32632f958339b4ad301f9fd9,,doctrine_current,TC 38-3 – Guide for Basic Military Preservation and Packing,TC 38-3,1999,1999-12-01,manifest,,,doctrine,https://armypubs.army.mil/epubs/DR_pubs/DR_a/pdf/web/tc38_3.pdf,row0555,1999 - TC 38-3 Guide for Basic Military Preservation and Packing.pdf,US Army doctrine (current)
doctrine_current:row0569,parsed,,68,f8cde7feac311241b0cd703faf8dee3c775283a6eb8973379f17ed815c224121,,doctrine_current,TC 53-03.1 – Tactical Psychological Operations Detachments and Teams Guide,TC 53-03.1,2024,2024-02-16,manifest,,,doctrine,https://armypubs.army.mil/epubs/DR_pubs/DR_a/ARN40230-TC_53-03.1-000-WEB-1.pdf,row0569,2024 - TC 53-03.1 Tactical Psychological Operations Detachments and Teams Guide.pdf,US Army doctrine (current)
doctrine_current:row0570,parsed,,311,7486d87882e06ec343af8a52091189fbeb4201460b1801289a0e0e723f63ddbb,,doctrine_current,"TC 55-60-17 – Training Program for the 50,000-Pound Rough-Terrain Container Handler",TC 55-60-17,2000,2000-10-31,manifest,,,doctrine,https://armypubs.army.mil/epubs/DR_pubs/DR_a/pdf/web/tc55_60_17.pdf,row0570,2000 - TC 55-60-17 Training Program for the 50 000-Pound Rough-Terrain Container Handler.pdf,US Army doctrine (current)
doctrine_current:row0571,parsed,,284,5e92b89b05d199032b6fb44913d39525e07ec135ab71b1168ee275bf1fc3e35b,,doctrine_current,"TC 55-60-18 – Training Program for the Kalmar 53,000-Pound Rough Terrain Container Handler (RTCH)",TC 55-60-18,2008,2008-10-10,manifest,,,doctrine,https://armypubs.army.mil/epubs/DR_pubs/DR_a/pdf/web/tc55_60_18.pdf,row0571,2008 - TC 55-60-18 Training Program for the Kalmar 53 000-Pound Rough Terrain Container Handler (RTCH).pdf,US Army doctrine (current)
doctrine_current:row0572,parsed,,192,9b27b43f8d7387e072c56ef3623739f4d219fd53e2bf38a93faad40685adc4bf,,doctrine_current,TC 55-88-1 – Rail Handbook for Air Brake and Train Handling Rules,TC 55-88-1,2008,2008-03-26,manifest,,,doctrine,https://armypubs.army.mil/epubs/DR_pubs/DR_a/pdf/web/tc55_88_1.pdf,row0572,2008 - TC 55-88-1 Rail Handbook for Air Brake and Train Handling Rules.pdf,US Army doctrine (current)
doctrine_current:row0573,parsed,,478,c96673f353e1c549cbfd486e25638cd4afa5bc09d19c2be05ebdb39a6d36962f,,doctrine_current,TC 55-509 – Marine Engineman's Handbook,TC 55-509,2009,2009-06-04,manifest,,,doctrine,https://armypubs.army.mil/epubs/DR_pubs/DR_a/pdf/web/tc55_509.pdf,row0573,2009 - TC 55-509 Marine Engineman s Handbook.pdf,US Army doctrine (current)
doctrine_current:row0575,parsed,,186,5cf54111596f4e4ac421f9e824d111d6fc545beaf4ab82ec9f54ae1098e54585,,doctrine_current,TC 90-1 – Training for Urban Operations,TC 90-1,2008,2008-05-19,manifest,,,doctrine,https://armypubs.army.mil/epubs/DR_pubs/DR_a/pdf/web/tc90_1.pdf,row0575,2008 - TC 90-1 Training for Urban Operations.pdf,US Army doctrine (current)
doctrine_current:row0592,parsed,,252,94a1d63b57afcea591aec31584efdc18ca2b7a61629f24932fd5e6bc577becd3,,doctrine_current,"STP 8-68A15-SM-TG – Soldier's Manual and Training Guide Biomedical Equipment Specialist Skill Levels 1,2,3,4,5",STP 8-68A15-SM-TG,2026,2026-01-29,manifest,,,doctrine,https://armypubs.army.mil/epubs/DR_pubs/DR_a/ARN45722-STP_8-68A15-SM-TG-000-WEB-1.pdf,row0592,2026 - STP 8-68A15-SM-TG Soldier s Manual and Training Guide Biomedical Equipment Specialist Skill Levels 1 2 3 4 5.pdf,US Army doctrine (current)
doctrine_current:row0602,parsed,,172,2827c4a56b5df7ab4aa49cb2f5205814482001c11b0c3cb93ba112f711dfa94c,,doctrine_current,"STP 8-68M15-SM-TG – Soldier's Manual and Trainer's Guide, MOS 68M, Nutrition Care Specialist, Skill Levels 1/2/3/4/5",STP 8-68M15-SM-TG,2022,2022-09-26,manifest,,,doctrine,https://armypubs.army.mil/epubs/DR_pubs/DR_a/ARN44892-STP_8-68M15-SM-TG-001-WEB-2.pdf,row0602,2022 - STP 8-68M15-SM-TG Soldier s Manual and Trainer s Guide MOS 68M Nutrition Care Specialist Skill Levels 1 2 3 4 5.pdf,US Army doctrine (current)
doctrine_current:row0603,parsed,,192,990365a42597a6610f54c36c536cb0f3a7966991c90092f67af0671d42bdeccc,,doctrine_current,"STP 8-68P15-SM-TG – Soldier's Manual Trainer's Guide, MOS 68P, Radiology Specialist, Skill Levels 1, 2, 3, 4, 5",STP 8-68P15-SM-TG,2026,2026-04-30,manifest,,,doctrine,https://armypubs.army.mil/epubs/DR_pubs/DR_a/ARN46356-STP_8-68P15-SM-TG-000-WEB-1.pdf,row0603,2026 - STP 8-68P15-SM-TG Soldier s Manual Trainer s Guide MOS 68P Radiology Specialist Skill Levels 1 2 3 4 5.pdf,US Army doctrine (current)
doctrine_current:row0604,parsed,,188,3b9cd449399aa945cb9b51eb5507af6e33e98829268dfeacf418e384811a76bb,,doctrine_current,"STP 8-68Q15-SM-TG – Soldier's Manual Trainer's Guide, MOS 68Q, Pharmacy Specialist, Skill Levels 1/2/3/4/5",STP 8-68Q15-SM-TG,2023,2023-05-25,manifest,,,doctrine,https://armypubs.army.mil/epubs/DR_pubs/DR_a/ARN38352-STP_8-68Q15-SM-TG-000-WEB-1.pdf,row0604,2023 - STP 8-68Q15-SM-TG Soldier s Manual Trainer s Guide MOS 68Q Pharmacy Specialist Skill Levels 1 2 3 4 5.pdf,US Army doctrine (current)
doctrine_current:row0605,parsed,,98,96084e6848638727f471a9279615d33db62564cd6495c2fe29dc069bd9834e91,,doctrine_current,"STP 8-68R15-SM-TG – Soldier's Manual and Training Guide, MOS 68R, Veterinary Food Specialist, Skill Levels 1/2/3/4/5 with Readiness Requirements",STP 8-68R15-SM-TG,2020,2020-11-05,manifest,,,doctrine,https://armypubs.army.mil/epubs/DR_pubs/DR_a/ARN31098-STP_8-68R15-SM-TG-000-WEB-1.pdf,row0605,2020 - STP 8-68R15-SM-TG Soldier s Manual and Training Guide MOS 68R Veterinary Food Specialist Skill Levels 1 2 3 4 5 with.pdf,US Army doctrine (current)
doctrine_current:row0609,parsed,,650,70ef7cff993e2e5cd7c442bcfe447975bda99d3ddc3d6894b0ae8d462754e6e0,,doctrine_current,"STP 8-68W13-SM-TG – Soldier's Manual and Trainer's Guide MOS 68W, Health Care Specialist Skill Levels 1, 2 and 3",STP 8-68W13-SM-TG,2025,2025-03-06,manifest,,,doctrine,https://armypubs.army.mil/epubs/DR_pubs/DR_a/ARN43172-STP_8-68W13-SM-TG-000-WEB-1.pdf,row0609,2025 - STP 8-68W13-SM-TG Soldier s Manual and Trainer s Guide MOS 68W Health Care Specialist Skill Levels 1 2 and 3.pdf,US Army doctrine (current)
doctrine_current:row0614,parsed,,128,fa60248d66e05f314726518d89028d9eb4fe3f2bc6d3cf1576abf2e16713fa6c,,doctrine_current,"STP 9-91C13-SM-TG – Soldier's Manual and Trainer's Guide, Utilities Equipment Repairer MOS 91C, Skill Levels 1/3",STP 9-91C13-SM-TG,2018,2018-08-29,manifest,,,doctrine,https://armypubs.army.mil/epubs/DR_pubs/DR_a/pdf/web/ARN12780_STP 9-91C13-SM-TG FINAL WEB.pdf,row0614,2018 - STP 9-91C13-SM-TG Soldier s Manual and Trainer s Guide Utilities Equipment Repairer MOS 91C Skill Levels 1 3.pdf,US Army doctrine (current)
doctrine_current:row0615,parsed,,164,ab4397ea5909164015dcd85b6f70f4360ddbeef1eccc4fba403e05dab2000980,,doctrine_current,"STP 9-91D13-SM-TG – Soldier's Manual and Trainer's Guide, Tactical Power Generation Specialist, MOS 91D, Skill Levels 1, 2 and 3",STP 9-91D13-SM-TG,2018,2018-10-12,manifest,,,doctrine,https://armypubs.army.mil/epubs/DR_pubs/DR_a/pdf/web/ARN13520_STP 9-91D13-SM-TG FINAL WEB.pdf,row0615,2018 - STP 9-91D13-SM-TG Soldier s Manual and Trainer s Guide Tactical Power Generation Specialist MOS 91D Skill Levels 1 2.pdf,US Army doctrine (current)
doctrine_current:row0616,parsed,,180,92a7f1d8bce79e2fa5d521a7b946c0ec392d58dfb005fe105dec5c8da48f20cb,,doctrine_current,"STP 9-91H14-SM-TG – Soldier's Manual and Training Guide MOS 91H Tracked Vehicle Repairer Skill Levels 1, 2, 3, 4",STP 9-91H14-SM-TG,2016,2016-03-04,manifest,,,doctrine,https://armypubs.army.mil/epubs/DR_pubs/DR_a/pdf/web/stp9_91h14.pdf,row0616,2016 - STP 9-91H14-SM-TG Soldier s Manual and Training Guide MOS 91H Tracked Vehicle Repairer Skill Levels 1 2 3 4.pdf,US Army doctrine (current)
doctrine_current:row0617,parsed,,120,f08ffc0db8bced3ae701dee7065653802b5dbab1feb816825e5ad71ac78d9739,,doctrine_current,"STP 9-91J12-SM-TG – Soldier's Manual and Trainer's Guide, Quartermaster and Chemical Equipment Repairer, MOS 91J, Skill Levels 1/2",STP 9-91J12-SM-TG,2019,2019-09-19,manifest,,,doctrine,https://armypubs.army.mil/epubs/DR_pubs/DR_a/pdf/web/ARN19206_STP 9-91J12-SM-TG FINAL WEB.pdf,row0617,2019 - STP 9-91J12-SM-TG Soldier s Manual and Trainer s Guide Quartermaster and Chemical Equipment Repairer MOS 91J Skill Le.pdf,US Army doctrine (current)
doctrine_current:row0623,parsed,,248,f612d2609c9748790c7def3a5ed05fb70c722dafa58d616cb501922b7f3f9cbc,,doctrine_current,"STP 9-94H13-SM-TG – Soldier's Manual and Trainer's Guide MOS 94H Test, Measurement, and Diagnostic Equipment (TMDE) Maintenance Support Specialist Skill Levels 1, 2, and 3",STP 9-94H13-SM-TG,2011,2011-09-09,manifest,,,doctrine,https://armypubs.army.mil/epubs/DR_pubs/DR_a/pdf/web/stp9_94h13.pdf,row0623,2011 - STP 9-94H13-SM-TG Soldier s Manual and Trainer s Guide MOS 94H Test Measurement and Diagnostic Equipment (TMDE) Maint.pdf,US Army doctrine (current)
doctrine_current:row0624,parsed,,142,4168b41fa9c5fa991d646e95fb698846994ab2f31b01ea1a231f2eb2c276d321,,doctrine_current,"STP 9-94K13-SM-TG – Soldier's Manual and Trainer's Guide, MOS 94K, Apache Attack Helicopter Systems Repairer, Skill Levels 1, 2, and 3",STP 9-94K13-SM-TG,2007,2007-12-07,manifest,,,doctrine,https://armypubs.army.mil/epubs/DR_pubs/DR_a/pdf/web/stp9_94k13.pdf,row0624,2007 - STP 9-94K13-SM-TG Soldier s Manual and Trainer s Guide MOS 94K Apache Attack Helicopter Systems Repairer Skill Levels.pdf,US Army doctrine (current)
doctrine_current:row0625,parsed,,168,c9dd3dc98627204b690b6d7a282b511ec563f3e65cd887e2cb5020c3a350c4b4,,doctrine_current,"STP 9-94M13-SM-TG – Soldier's Manual and Trainer's Guide, MOS 94M, Radar Repairer, Skill Levels 1-3",STP 9-94M13-SM-TG,2009,2009-02-27,manifest,,,doctrine,https://armypubs.army.mil/epubs/DR_pubs/DR_a/pdf/web/stp9_94m13.pdf,row0625,2009 - STP 9-94M13-SM-TG Soldier s Manual and Trainer s Guide MOS 94M Radar Repairer Skill Levels 1-3.pdf,US Army doctrine (current)
doctrine_current:row0626,parsed,,188,73b907e8119e349b590d388d73b5207a24400bca34a6f58d5a642c9918f0f1e0,,doctrine_current,"STP 9-94P1-SM-TG – Soldier's Manual and Trainer's Guide, MOS 94P, Multiple Launch Rocket System (MLRS) Repairer, Skill Level 1",STP 9-94P1-SM-TG,2014,2014-10-01,manifest,,,doctrine,https://armypubs.army.mil/epubs/DR_pubs/DR_a/pdf/web/stp9_94P1.pdf,row0626,2014 - STP 9-94P1-SM-TG Soldier s Manual and Trainer s Guide MOS 94P Multiple Launch Rocket System (MLRS) Repairer Skill Lev.pdf,US Army doctrine (current)
doctrine_current:row0638,parsed,,430,f527b11e648ada8bd9dfb313789378f64ec8e4581f6c194a257568f23b7e7123,,doctrine_current,"STP 10-92A12-SM-TG – Soldier's Manual and Trainer's Guide, MOS 92A, Automated Logistics Specialist, Skill Levels 1 and 2",STP 10-92A12-SM-TG,2008,2008-05-07,manifest,,,doctrine,https://armypubs.army.mil/epubs/DR_pubs/DR_a/NOCASE-STP_10-92A12-SM-TG-000-WEB-0.pdf,row0638,2008 - STP 10-92A12-SM-TG Soldier s Manual and Trainer s Guide MOS 92A Automated Logistics Specialist Skill Levels 1 and 2.pdf,US Army doctrine (current)
doctrine_current:row0639,parsed,,96,34e236c9430d73a1b1a94f3b4fb2fd6c5ed96ee2b0fd1606338223581af650eb,,doctrine_current,"STP 10-92A34-SM-TG – Soldier's Manual and Trainer's Guide, MOS 92A, Automated Logistical Specialist, Skill Levels 3 and 4",STP 10-92A34-SM-TG,2008,2008-05-07,manifest,,,doctrine,https://armypubs.army.mil/epubs/DR_pubs/DR_a/pdf/web/stp10_92a34.pdf,row0639,2008 - STP 10-92A34-SM-TG Soldier s Manual and Trainer s Guide MOS 92A Automated Logistical Specialist Skill Levels 3 and 4.pdf,US Army doctrine (current)
doctrine_current:row0641,parsed,,388,7d7d4ee890c573506de1f221173be9d554e1f08bd5f7f81df9875b3c2fe591b3,,doctrine_current,"STP 10-92F15-SM-TG – Soldier's Manual and Trainer's Guide MOS 92F Petroleum Supply Specialist Skill Levels 1, 2, 3, 4, and 5",STP 10-92F15-SM-TG,2010,2010-05-20,manifest,,,doctrine,https://armypubs.army.mil/epubs/DR_pubs/DR_a/pdf/web/stp10_92f15 FINAL.pdf,row0641,2010 - STP 10-92F15-SM-TG Soldier s Manual and Trainer s Guide MOS 92F Petroleum Supply Specialist Skill Levels 1 2 3 4 and.pdf,US Army doctrine (current)
doctrine_current:row0643,parsed,,176,4f0bf630c43df402445597d45cf80d8c02a0d129625507e559366525264541da,,doctrine_current,"STP 10-92L14-SM-TG – Soldier's Manual and Trainer's Guide, MOS 92L, Petroleum Laboratory Specialist, Skill Levels 1, 2, 3, and 4",STP 10-92L14-SM-TG,2008,2008-04-17,manifest,,,doctrine,https://armypubs.army.mil/epubs/DR_pubs/DR_a/pdf/web/stp10_92l14.pdf,row0643,2008 - STP 10-92L14-SM-TG Soldier s Manual and Trainer s Guide MOS 92L Petroleum Laboratory Specialist Skill Levels 1 2 3 an.pdf,US Army doctrine (current)
doctrine_current:row0645,parsed,,231,6ecdfbbd58ff9328874c93d6d037177a1707c6ebe0cce3f1c4cc6ac2dc2cebe1,,doctrine_current,STP 10-92R14-SM-TG – Soldier's Manual and Trainer's Guide for MOS 92R Parachute Rigger Skill Levels 1/2/3/4,STP 10-92R14-SM-TG,2003,2003-03-21,manifest,,,doctrine,https://armypubs.army.mil/epubs/DR_pubs/DR_a/pdf/web/stp10_92r14.pdf,row0645,2003 - STP 10-92R14-SM-TG Soldier s Manual and Trainer s Guide for MOS 92R Parachute Rigger Skill Levels 1 2 3 4.pdf,US Army doctrine (current)
doctrine_current:row0646,parsed,,404,c1fb0180d3adbfacbacf25a236ee2ce3570e4e0046ec151578744cc48c1707b8,,doctrine_current,"STP 10-92S14-SM-TG – Soldier's Manual and Trainer's Guide for MOS 92S Shower/Laundry and Clothing Repair Specialist Skill Levels 1,2,3, and 4",STP 10-92S14-SM-TG,2003,2003-06-30,manifest,,,doctrine,https://armypubs.army.mil/epubs/DR_pubs/DR_a/pdf/web/stp10_92s14.pdf,row0646,2003 - STP 10-92S14-SM-TG Soldier s Manual and Trainer s Guide for MOS 92S Shower Laundry and Clothing Repair Specialist Ski.pdf,US Army doctrine (current)
doctrine_current:row0647,parsed,,286,f79c14d633771482f4661f92382986c87c0e8e762dddd5b8b1b8f0f7f80a866a,,doctrine_current,"STP 10-92W14-SM-TG – Soldier's Manual and Trainer's Guide, MOS 92W, Water Treatment Specialist, Skill Levels 1, 2, 3, and 4",STP 10-92W14-SM-TG,2005,2005-11-20,manifest,,,doctrine,https://armypubs.army.mil/epubs/DR_pubs/DR_a/pdf/web/stp10_92w14.pdf,row0647,2005 - STP 10-92W14-SM-TG Soldier s Manual and Trainer s Guide MOS 92W Water Treatment Specialist Skill Levels 1 2 3 and 4.pdf,US Army doctrine (current)
doctrine_current:row0648,parsed,,210,b4f234074bd42225b8ec7f3679c72864d7ce2332288701124624f86c8788e942,,doctrine_current,"STP 10-92Y12-SM-TG – Soldier's Manual and Trainer's Guide, MOS 92Y, Unit Supply Specialist, Skill Levels 1 and 2",STP 10-92Y12-SM-TG,2008,2008-04-30,manifest,,,doctrine,https://armypubs.army.mil/epubs/DR_pubs/DR_a/pdf/web/stp10_92y12.pdf,row0648,2008 - STP 10-92Y12-SM-TG Soldier s Manual and Trainer s Guide MOS 92Y Unit Supply Specialist Skill Levels 1 and 2.pdf,US Army doctrine (current)
doctrine_current:row0649,parsed,,104,9fb759a52528f5cc5a8698d2ba395483c18b5acb78c30f2b64d8f5d50dc207f4,,doctrine_current,"STP 10-92Y34-SM-TG – Soldier's Manual and Trainer's Guide, MOS 92Y, Unit Supply Specialist, Skill Levels 3 and 4",STP 10-92Y34-SM-TG,2008,2008-05-07,manifest,,,doctrine,https://armypubs.army.mil/epubs/DR_pubs/DR_a/NOCASE-STP_10-92Y34-SM-TG-000-WEB-0.pdf,row0649,2008 - STP 10-92Y34-SM-TG Soldier s Manual and Trainer s Guide MOS 92Y Unit Supply Specialist Skill Levels 3 and 4.pdf,US Army doctrine (current)
doctrine_current:row0651,parsed,,301,da874bdfea98b2b6b6f8bbc8080c83cddc4ddb888fb9d2b58c5113c81ad254a7,,doctrine_current,"STP 11-25C13-SM-TG – Soldier's Manual and Trainer's Guide, MOS 25C, Radio Operator-Maintainer",STP 11-25C13-SM-TG,2005,2005-02-16,manifest,,,doctrine,https://armypubs.army.mil/epubs/DR_pubs/DR_a/pdf/web/stp11_25c13.pdf,row0651,2005 - STP 11-25C13-SM-TG Soldier s Manual and Trainer s Guide MOS 25C Radio Operator-Maintainer.pdf,US Army doctrine (current)
doctrine_current:row0652,parsed,,272,52210d9c377241f96d38bd802a938541f649753d5153acdadaaff84970dfda99,,doctrine_current,"STP 11-25L13-SM-TG – Soldier's Manual and Trainer's Guide, MOS 25L, Cable Systems Installer-Maintainer, Skill Levels 1, 2, and 3",STP 11-25L13-SM-TG,2008,2008-08-12,manifest,,,doctrine,https://armypubs.army.mil/epubs/DR_pubs/DR_a/pdf/web/stp11_25l13.pdf,row0652,2008 - STP 11-25L13-SM-TG Soldier s Manual and Trainer s Guide MOS 25L Cable Systems Installer-Maintainer Skill Levels 1 2 a.pdf,US Army doctrine (current)
doctrine_current:row0653,parsed,,279,59526634a193bd9832bb51d0a302da20a17e4d7f81bd1a401f1c01eb165ecd6d,,doctrine_current,STP 11-25M13-SM-TG – Soldier's Manual/Trainer's Guide MOS 25M Multimedia Illustrator Skill Levels 1/2/3,STP 11-25M13-SM-TG,1999,1999-02-16,manifest,,,doctrine,https://armypubs.army.mil/epubs/DR_pubs/DR_a/pdf/web/stp11_25m13.pdf,row0653,1999 - STP 11-25M13-SM-TG Soldier s Manual Trainer s Guide MOS 25M Multimedia Illustrator Skill Levels 1 2 3.pdf,US Army doctrine (current)
doctrine_current:row0655,parsed,,345,f9c355a5d78ee531b29d4d02774c44591fabfba0014b84a195a1bee1cec41248,,doctrine_current,"STP 11-25R13-SM-TG – Soldier's Manual and Trainer's Guide, MOS 25R, Visual Information Equipment Operator-Maintainer Skill Levels 1/2/3",STP 11-25R13-SM-TG,1999,1999-08-06,manifest,,,doctrine,https://armypubs.army.mil/epubs/DR_pubs/DR_a/pdf/web/stp11_25r13.pdf,row0655,1999 - STP 11-25R13-SM-TG Soldier s Manual and Trainer s Guide MOS 25R Visual Information Equipment Operator-Maintainer Skil.pdf,US Army doctrine (current)
doctrine_current:row0656,parsed,,284,be747c5b3bec4904b8ddc85710d2c5f1ce9688797f80102de6d0b2832da58b58,,doctrine_current,"STP 11-25S14-SM-TG – Soldier's Manual and Trainer's Guide, MOS 25S, Satellite Communications Systems Operator-Maintainer, Skill Levels 1, 2, 3, and 4",STP 11-25S14-SM-TG,2005,2005-05-19,manifest,,,doctrine,https://armypubs.army.mil/epubs/DR_pubs/DR_a/pdf/web/stp11_25s14.pdf,row0656,2005 - STP 11-25S14-SM-TG Soldier s Manual and Trainer s Guide MOS 25S Satellite Communications Systems Operator-Maintainer.pdf,US Army doctrine (current)
doctrine_current:row0658,parsed,,368,3636e5cd9c536a9f8d483b8df14a21aae90c5583aafa802ed679e545746372ae,,doctrine_current,"STP 11-25V13-SM-TG – Soldier's Manual and Trainer's Guide for MOS 25V Combat Documentation/Production Specialist Skill Levels 1, 2, and 3",STP 11-25V13-SM-TG,2002,2002-02-28,manifest,,,doctrine,https://armypubs.army.mil/epubs/DR_pubs/DR_a/pdf/web/stp11_25v13.pdf,row0658,2002 - STP 11-25V13-SM-TG Soldier s Manual and Trainer s Guide for MOS 25V Combat Documentation Production Specialist Skill.pdf,US Army doctrine (current)
doctrine_current:row0659,parsed,,212,792a0e308f9f96af57df8f98db550f4ba3b362974ab2855070581fd63f144e48,,doctrine_current,"STP 11-25Z4-SM-TG – Soldier's Manual, Skill Level 4 and Trainer's Guide, MOS 25Z, Visual Information Chief",STP 11-25Z4-SM-TG,2001,2001-01-29,manifest,,,doctrine,https://armypubs.army.mil/epubs/DR_pubs/DR_a/pdf/web/stp11_25z4.pdf,row0659,2001 - STP 11-25Z4-SM-TG Soldier s Manual Skill Level 4 and Trainer s Guide MOS 25Z Visual Information Chief.pdf,US Army doctrine (current)
doctrine_current:row0660,parsed,,120,6e4f8b6315406d751eab1bbcbecbdce481a7db8acf87fb81fab01f3397399f74,,doctrine_current,"STP 11-31W4-SM-TG – Soldier's Manual and Trainer's Guide for MOS 31W, Telecommunications Operations Chief Skill Levels 4 and 5",STP 11-31W4-SM-TG,2004,2004-04-07,manifest,,,doctrine,https://armypubs.army.mil/epubs/DR_pubs/DR_a/pdf/web/stp11_31w4.pdf,row0660,2004 - STP 11-31W4-SM-TG Soldier s Manual and Trainer s Guide for MOS 31W Telecommunications Operations Chief Skill Levels 4.pdf,US Army doctrine (current)
doctrine_current:row0665,parsed,,519,c171bd9f2cd5c0998c0d80fdbb9dd507c6b7e4334ecbe7c3773573a4b50a18fa,,doctrine_current,"STP 12-79R35-SM-TG – Soldier's Manual and Trainer's Guide Recruiter MOS 79R Skill Levels 3, 4 and 5",STP 12-79R35-SM-TG,2003,2003-10-30,manifest,,,doctrine,https://armypubs.army.mil/epubs/DR_pubs/DR_a/pdf/web/stp12_79r35.pdf,row0665,2003 - STP 12-79R35-SM-TG Soldier s Manual and Trainer s Guide Recruiter MOS 79R Skill Levels 3 4 and 5.pdf,US Army doctrine (current)
doctrine_current:row0667,parsed,,190,09c8fdea2a998fabc28d80b2e2a8c0caa5e77dc8b1b35084136f05ca808e12c5,,doctrine_current,"STP 14-36A-OFS – Officer Foundation Standards, AOC 36A, Finance Corps (36) Company Grade Officer's Manual (2LT, 1LT, CPT)",STP 14-36A-OFS,2011,2011-11-29,manifest,,,doctrine,https://armypubs.army.mil/epubs/DR_pubs/DR_a/pdf/web/stp14_36a.pdf,row0667,2011 - STP 14-36A-OFS Officer Foundation Standards AOC 36A Finance Corps (36) Company Grade Officer s Manual (2LT 1LT CPT).pdf,US Army doctrine (current)
doctrine_current:row0668,parsed,,306,d56e0f7fa320d2db4b20895814d451d7bfef9f1ecea37c880822c468413152cf,,doctrine_current,"STP 14-36B15-SM-TG – Soldier's Manual and Trainer's Guide, Skill Level 1/2/3/4/5, MOS 36B, Financial Management Technician Skill Levels 1, 2, 3, 4 and 5",STP 14-36B15-SM-TG,2012,2012-01-30,manifest,,,doctrine,https://armypubs.army.mil/epubs/DR_pubs/DR_a/pdf/web/stp14_36b15.pdf,row0668,2012 - STP 14-36B15-SM-TG Soldier s Manual and Trainer s Guide Skill Level 1 2 3 4 5 MOS 36B Financial Management Technician.pdf,US Army doctrine (current)
doctrine_current:row0676,parsed,,302,e5bf90a13685494edab25a6caf7db4d5b2c1dc2da467c9e72d3f27a3c3554876,,doctrine_current,"STP 21-24-SMCT – Soldier's Manual of Common Tasks (SMCT) Warrior Leader Skill Level 2, 3, and 4",STP 21-24-SMCT,2008,2008-09-09,manifest,,,doctrine,https://armypubs.army.mil/epubs/DR_pubs/DR_a/pdf/web/stp21_24.pdf,row0676,2008 - STP 21-24-SMCT Soldier s Manual of Common Tasks (SMCT) Warrior Leader Skill Level 2 3 and 4.pdf,US Army doctrine (current)
doctrine_current:row0703,parsed,,368,9ef6a616877c21dfbbcbb23f92c4053b217e1353ee3f83d0f5ca58609e79a3b0,,doctrine_current,"STP 44-14J14-SM-TG – Soldier's Manual and Trainer's Guide, Skill Levels 1, 2, 3, and 4, MOS 14J, C4I Tactical Operations Center Enhanced Operator/Maintainer",STP 44-14J14-SM-TG,2002,2002-11-25,manifest,,,doctrine,https://armypubs.army.mil/epubs/DR_pubs/DR_a/pdf/web/stp44_14j14.pdf,row0703,2002 - STP 44-14J14-SM-TG Soldier s Manual and Trainer s Guide Skill Levels 1 2 3 and 4 MOS 14J C4I Tactical Operations Cent.pdf,US Army doctrine (current)
doctrine_current:row0704,parsed,,146,372e1a843eaedbfddd656cdc88558a43b7b224cc1a1e4d5c5fdff43eaa02feb8,,doctrine_current,"STP 44-14T14-SM-TG – Soldier's Manual and Trainer's Guide, MOS 14T, Patriot Launching Station Enhanced Operator/Maintainer, Skill Levels 1, 2, 3 and 4",STP 44-14T14-SM-TG,2002,2002-03-15,manifest,,,doctrine,https://armypubs.army.mil/epubs/DR_pubs/DR_a/pdf/web/stp44_14t14.pdf,row0704,2002 - STP 44-14T14-SM-TG Soldier s Manual and Trainer s Guide MOS 14T Patriot Launching Station Enhanced Operator Maintaine.pdf,US Army doctrine (current)
doctrine_current:row0705,parsed,,454,2cb01be9bfaa19a20e34af3d9f04d643c0b7d0388adefce413085eacfc44bb4c,,doctrine_current,"STP 46-46QZ14-SM-TG – Soldier's Manual and Trainer's Guide MOS 46Q / 46Z Public Affairs Specialist / Chief Public Affairs NCO Skill Levels 1, 2, 3 and 4",STP 46-46QZ14-SM-TG,2010,2010-12-17,manifest,,,doctrine,https://armypubs.army.mil/epubs/DR_pubs/DR_a/pdf/web/stp46_46qz14.pdf,row0705,2010 - STP 46-46QZ14-SM-TG Soldier s Manual and Trainer s Guide MOS 46Q 46Z Public Affairs Specialist Chief Public Affairs N.pdf,US Army doctrine (current)
doctrine_current:row0706,parsed,,523,9881fa0fad57095b873a8b59a8e5a66268281799cfaa9833fc269ab1678f7e63,,doctrine_current,"STP 55-88H14-SM-TG – Soldier's Manual and Trainer's Guide, MOS 88H, Cargo Specialist, Skill Levels 1, 2, 3, and 4",STP 55-88H14-SM-TG,2015,2015-02-11,manifest,,,doctrine,https://armypubs.army.mil/epubs/DR_pubs/DR_a/pdf/web/stp55_88h14.pdf,row0706,2015 - STP 55-88H14-SM-TG Soldier s Manual and Trainer s Guide MOS 88H Cargo Specialist Skill Levels 1 2 3 and 4.pdf,US Army doctrine (current)
doctrine_current:row0710,parsed,,432,07a4168ea8386e0f2f30f92f77c6ed51e3f206d1b7ba35cebb837bae9b6bdacb,,doctrine_current,"STP 55-88M14-SM-TG – Soldier's Manual and Trainer's Guide MOS 88M, MOS 88M Motor Transport Operator, Skill Levels 1, 2, 3, and 4",STP 55-88M14-SM-TG,2013,2013-11-21,manifest,,,doctrine,https://armypubs.army.mil/epubs/DR_pubs/DR_a/pdf/web/stp55_88m14.pdf,row0710,2013 - STP 55-88M14-SM-TG Soldier s Manual and Trainer s Guide MOS 88M MOS 88M Motor Transport Operator Skill Levels 1 2 3 a.pdf,US Army doctrine (current)
doctrine_current:row0711,parsed,,308,be660737a072c4245eda1ae1a875737256fbab20ced21bc2c8b19fa0b484c2d4,,doctrine_current,"STP 55-88N14-SM-TG – Soldier's Manual and Training Guide MOS 88N Transportation Management Coordinator Skill Levels SL1, SL2, SL3, and SL4",STP 55-88N14-SM-TG,2014,2014-02-11,manifest,,,doctrine,https://armypubs.army.mil/epubs/DR_pubs/DR_a/pdf/web/stp55_88n14.pdf,row0711,2014 - STP 55-88N14-SM-TG Soldier s Manual and Training Guide MOS 88N Transportation Management Coordinator Skill Levels SL1.pdf,US Army doctrine (current)
doctrine_current:row0715,parsed,,128,f2e1000b5d9d4612cfa40ca61f12f77506ad7e68b282ef90c2a08a2d7bf1882e,,doctrine_current,"1-7 CAV – Maintenance SOP (Example Unit Maintenance SOP, CALL 23-08, Annex A)",,2021,2021-06-05,manifest,,,doctrine,https://api.army.mil/e2/c/downloads/2023/09/12/a6d74542/23-08-682-annex-a-example-unit-maintenance-sop-aug-23-public.pdf,row0715,2021 - 1-7 CAV Maintenance SOP (Example Unit Maintenance SOP CALL 23-08 Annex A).pdf,US Army doctrine (current)
doctrine_current:row0716,parsed,,7,6c0c8af0de1ca15636d4c6ffa6defeaf43d4ac2ce7537c97a2c17bf90ba04632,,doctrine_current,"CALL – Relevant, Readable, and Accessible SOPs: A Guide to Updating Battalion TACSOPs",,2021,2021-05-01,manifest,,,doctrine,https://api.army.mil/e2/c/downloads/2023/01/31/1a57fb01/relevant-readable-and-accessible-sops-a-guide-to-updating-battalion-tacsops-may-21-public.pdf,row0716,2021 - CALL Relevant Readable and Accessible SOPs A Guide to Updating Battalion TACSOPs.pdf,US Army doctrine (current)
doctrine_current:row0717,parsed,,10,0b776dd4d6df393eae2b6a608e63cb1e4f88aa6d048ed08e7463b36fde13dff6,,doctrine_current,CALL 24-848 – Building a Unit Planning Standard Operating Procedure (PSOP),,2024,2024-05-01,manifest,,,doctrine,https://api.army.mil/e2/c/downloads/2024/06/06/76cdff73/24-848-building-a-unit-planning-standard-operating-procedure-psop.pdf,row0717,2024 - CALL 24-848 Building a Unit Planning Standard Operating Procedure (PSOP).pdf,US Army doctrine (current)
